x-axis,1,2
second,Volt,Volt
-1.150000E+00,-2.050251E+00,-2.090452E+00
-1.148850E+00,-2.130653E+00,-2.090452E+00
-1.147700E+00,-2.130653E+00,-2.050251E+00
-1.146550E+00,-2.130653E+00,-2.090452E+00
-1.145400E+00,-2.090452E+00,-2.090452E+00
-1.144250E+00,-2.090452E+00,-2.090452E+00
-1.143100E+00,-2.090452E+00,-2.050251E+00
-1.141950E+00,-2.090452E+00,-2.130653E+00
-1.140800E+00,-2.090452E+00,-2.090452E+00
-1.139650E+00,-2.130653E+00,-2.130653E+00
-1.138500E+00,-2.090452E+00,-2.090452E+00
-1.137350E+00,-2.090452E+00,-2.130653E+00
-1.136200E+00,-2.090452E+00,-2.090452E+00
-1.135050E+00,-2.090452E+00,-2.090452E+00
-1.133900E+00,-2.130653E+00,-2.130653E+00
-1.132750E+00,-2.090452E+00,-2.130653E+00
-1.131600E+00,-2.090452E+00,-2.090452E+00
-1.130450E+00,-2.130653E+00,-2.090452E+00
-1.129300E+00,-2.090452E+00,-2.090452E+00
-1.128150E+00,-2.090452E+00,-2.090452E+00
-1.127000E+00,-2.090452E+00,-2.130653E+00
-1.125850E+00,-2.090452E+00,-2.090452E+00
-1.124700E+00,-2.090452E+00,-2.090452E+00
-1.123550E+00,-2.090452E+00,-2.090452E+00
-1.122400E+00,-2.090452E+00,-2.090452E+00
-1.121250E+00,-2.130653E+00,-2.090452E+00
-1.120100E+00,-2.130653E+00,-2.130653E+00
-1.118950E+00,-2.090452E+00,-2.130653E+00
-1.117800E+00,-2.130653E+00,-2.090452E+00
-1.116650E+00,-2.130653E+00,-2.090452E+00
-1.115500E+00,-2.090452E+00,-2.090452E+00
-1.114350E+00,-2.130653E+00,-2.130653E+00
-1.113200E+00,-2.090452E+00,-2.090452E+00
-1.112050E+00,-2.050251E+00,-2.090452E+00
-1.110900E+00,-2.090452E+00,-2.090452E+00
-1.109750E+00,-2.090452E+00,-2.130653E+00
-1.108600E+00,-2.090452E+00,-2.090452E+00
-1.107450E+00,-2.130653E+00,-2.090452E+00
-1.106300E+00,-2.090452E+00,-2.090452E+00
-1.105150E+00,-2.090452E+00,-2.090452E+00
-1.104000E+00,-2.090452E+00,-2.130653E+00
-1.102850E+00,-2.090452E+00,-2.090452E+00
-1.101700E+00,-2.090452E+00,-2.090452E+00
-1.100550E+00,-2.090452E+00,-2.130653E+00
-1.099400E+00,-2.130653E+00,-2.050251E+00
-1.098250E+00,-2.090452E+00,-2.090452E+00
-1.097100E+00,-2.090452E+00,-2.090452E+00
-1.095950E+00,-2.050251E+00,-2.090452E+00
-1.094800E+00,-2.130653E+00,-2.090452E+00
-1.093650E+00,-2.090452E+00,-2.050251E+00
-1.092500E+00,-2.130653E+00,-2.090452E+00
-1.091350E+00,-2.130653E+00,-2.130653E+00
-1.090200E+00,-2.130653E+00,-2.130653E+00
-1.089050E+00,-2.130653E+00,-2.130653E+00
-1.087900E+00,-2.090452E+00,-2.090452E+00
-1.086750E+00,-2.090452E+00,-2.130653E+00
-1.085600E+00,-2.090452E+00,-2.090452E+00
-1.084450E+00,-2.090452E+00,-2.090452E+00
-1.083300E+00,-2.130653E+00,-2.090452E+00
-1.082150E+00,-2.090452E+00,-2.090452E+00
-1.081000E+00,-2.130653E+00,-2.090452E+00
-1.079850E+00,-2.090452E+00,-2.130653E+00
-1.078700E+00,-2.090452E+00,-2.050251E+00
-1.077550E+00,-2.090452E+00,-2.090452E+00
-1.076400E+00,-2.090452E+00,-2.090452E+00
-1.075250E+00,-2.090452E+00,-2.090452E+00
-1.074100E+00,-2.090452E+00,-2.090452E+00
-1.072950E+00,-2.090452E+00,-2.090452E+00
-1.071800E+00,-2.090452E+00,-2.130653E+00
-1.070650E+00,-2.090452E+00,-2.090452E+00
-1.069500E+00,-2.050251E+00,-2.090452E+00
-1.068350E+00,-2.130653E+00,-2.090452E+00
-1.067200E+00,-2.090452E+00,-2.090452E+00
-1.066050E+00,-2.090452E+00,-2.090452E+00
-1.064900E+00,-2.130653E+00,-2.050251E+00
-1.063750E+00,-2.090452E+00,-2.090452E+00
-1.062600E+00,-2.090452E+00,-2.090452E+00
-1.061450E+00,-2.050251E+00,-2.090452E+00
-1.060300E+00,-2.130653E+00,-2.130653E+00
-1.059150E+00,-2.090452E+00,-2.090452E+00
-1.058000E+00,-2.090452E+00,-2.130653E+00
-1.056850E+00,-2.090452E+00,-2.090452E+00
-1.055700E+00,-2.090452E+00,-2.090452E+00
-1.054550E+00,-2.090452E+00,-2.090452E+00
-1.053400E+00,-2.130653E+00,-2.090452E+00
-1.052250E+00,-2.130653E+00,-2.090452E+00
-1.051100E+00,-2.090452E+00,-2.090452E+00
-1.049950E+00,-2.050251E+00,-2.090452E+00
-1.048800E+00,-2.090452E+00,-2.050251E+00
-1.047650E+00,-2.090452E+00,-2.130653E+00
-1.046500E+00,-2.170854E+00,-2.090452E+00
-1.045350E+00,-2.050251E+00,-2.130653E+00
-1.044200E+00,-2.090452E+00,-2.090452E+00
-1.043050E+00,-2.090452E+00,-2.130653E+00
-1.041900E+00,-2.090452E+00,-2.050251E+00
-1.040750E+00,-2.130653E+00,-2.090452E+00
-1.039600E+00,-2.090452E+00,-2.090452E+00
-1.038450E+00,-2.090452E+00,-2.090452E+00
-1.037300E+00,-2.090452E+00,-2.090452E+00
-1.036150E+00,-2.090452E+00,-2.090452E+00
-1.035000E+00,-2.050251E+00,-2.090452E+00
-1.033850E+00,-2.130653E+00,-2.090452E+00
-1.032700E+00,-2.090452E+00,-2.090452E+00
-1.031550E+00,-2.130653E+00,-2.090452E+00
-1.030400E+00,-2.090452E+00,-2.090452E+00
-1.029250E+00,-2.130653E+00,-2.090452E+00
-1.028100E+00,-2.090452E+00,-2.090452E+00
-1.026950E+00,-2.050251E+00,-2.090452E+00
-1.025800E+00,-2.090452E+00,-2.090452E+00
-1.024650E+00,-2.130653E+00,-2.050251E+00
-1.023500E+00,-2.130653E+00,-2.130653E+00
-1.022350E+00,-2.050251E+00,-2.130653E+00
-1.021200E+00,-2.130653E+00,-2.130653E+00
-1.020050E+00,-2.090452E+00,-2.130653E+00
-1.018900E+00,-2.090452E+00,-2.130653E+00
-1.017750E+00,-2.090452E+00,-2.050251E+00
-1.016600E+00,-2.090452E+00,-2.130653E+00
-1.015450E+00,-2.090452E+00,-2.050251E+00
-1.014300E+00,-2.090452E+00,-2.090452E+00
-1.013150E+00,-2.090452E+00,-2.130653E+00
-1.012000E+00,-2.090452E+00,-2.090452E+00
-1.010850E+00,-2.130653E+00,-2.090452E+00
-1.009700E+00,-2.050251E+00,-2.130653E+00
-1.008550E+00,-2.130653E+00,-2.130653E+00
-1.007400E+00,-2.090452E+00,-2.130653E+00
-1.006250E+00,-2.130653E+00,-2.130653E+00
-1.005100E+00,-2.130653E+00,-2.130653E+00
-1.003950E+00,-2.130653E+00,-2.090452E+00
-1.002800E+00,+2.010050E+00,-2.130653E+00
-1.001650E+00,+2.050251E+00,-2.050251E+00
-1.000500E+00,+2.010050E+00,-2.090452E+00
-999.350E-03,+2.050251E+00,-2.090452E+00
-998.200E-03,+2.050251E+00,-2.050251E+00
-997.050E-03,+2.050251E+00,-2.090452E+00
-995.900E-03,+2.010050E+00,-2.090452E+00
-994.750E-03,+2.050251E+00,-2.090452E+00
-993.600E-03,+2.050251E+00,-2.050251E+00
-992.450E-03,+2.090452E+00,-2.010050E+00
-991.300E-03,+2.010050E+00,-2.050251E+00
-990.150E-03,+2.010050E+00,-2.050251E+00
-989.000E-03,+2.050251E+00,-1.969849E+00
-987.850E-03,+2.010050E+00,-1.929648E+00
-986.700E-03,+2.050251E+00,-1.929648E+00
-985.550E-03,+2.010050E+00,-1.929648E+00
-984.400E-03,+2.010050E+00,-1.929648E+00
-983.250E-03,+2.090452E+00,-1.929648E+00
-982.100E-03,+2.050251E+00,-1.929648E+00
-980.950E-03,+2.050251E+00,-1.849246E+00
-979.800E-03,+2.010050E+00,-1.889447E+00
-978.650E-03,+2.010050E+00,-1.849246E+00
-977.500E-03,+2.050251E+00,-1.809045E+00
-976.350E-03,+2.010050E+00,-1.768844E+00
-975.200E-03,+2.050251E+00,-1.768844E+00
-974.050E-03,+2.050251E+00,-1.728643E+00
-972.900E-03,+2.010050E+00,-1.688442E+00
-971.750E-03,+2.010050E+00,-1.688442E+00
-970.600E-03,+2.010050E+00,-1.648241E+00
-969.450E-03,+2.010050E+00,-1.608040E+00
-968.300E-03,+2.050251E+00,-1.567839E+00
-967.150E-03,+2.050251E+00,-1.527638E+00
-966.000E-03,+2.010050E+00,-1.527638E+00
-964.850E-03,+2.050251E+00,-1.527638E+00
-963.700E-03,+2.010050E+00,-1.487437E+00
-962.550E-03,+2.010050E+00,-1.487437E+00
-961.400E-03,+2.050251E+00,-1.447236E+00
-960.250E-03,+2.050251E+00,-1.366834E+00
-959.100E-03,+2.050251E+00,-1.407035E+00
-957.950E-03,+2.010050E+00,-1.326633E+00
-956.800E-03,+2.050251E+00,-1.326633E+00
-955.650E-03,+2.050251E+00,-1.246231E+00
-954.500E-03,+1.969849E+00,-1.286432E+00
-953.350E-03,+2.010050E+00,-1.246231E+00
-952.200E-03,+2.010050E+00,-1.206030E+00
-951.050E-03,+2.010050E+00,-1.206030E+00
-949.900E-03,+2.050251E+00,-1.085427E+00
-948.750E-03,+2.010050E+00,-1.085427E+00
-947.600E-03,+2.010050E+00,-1.005025E+00
-946.450E-03,+2.010050E+00,-1.005025E+00
-945.300E-03,+2.010050E+00,-1.005025E+00
-944.150E-03,+2.050251E+00,-964.824E-03
-943.000E-03,+2.010050E+00,-884.422E-03
-941.850E-03,+2.050251E+00,-844.221E-03
-940.700E-03,+2.010050E+00,-884.422E-03
-939.550E-03,+2.050251E+00,-804.020E-03
-938.400E-03,+2.010050E+00,-723.618E-03
-937.250E-03,+2.010050E+00,-723.618E-03
-936.100E-03,+2.050251E+00,-723.618E-03
-934.950E-03,+2.010050E+00,-723.618E-03
-933.800E-03,+2.010050E+00,-643.216E-03
-932.650E-03,+2.050251E+00,-603.015E-03
-931.500E-03,+2.050251E+00,-562.814E-03
-930.350E-03,+2.050251E+00,-562.814E-03
-929.200E-03,+2.010050E+00,-482.412E-03
-928.050E-03,+2.090452E+00,-482.412E-03
-926.900E-03,+2.010050E+00,-482.412E-03
-925.750E-03,+2.050251E+00,-361.809E-03
-924.600E-03,+2.050251E+00,-361.809E-03
-923.450E-03,+2.010050E+00,-321.608E-03
-922.300E-03,+2.050251E+00,-321.608E-03
-921.150E-03,+2.010050E+00,-281.407E-03
-920.000E-03,+2.010050E+00,-241.206E-03
-918.850E-03,+2.010050E+00,-160.804E-03
-917.700E-03,+2.050251E+00,-120.603E-03
-916.550E-03,+2.010050E+00,-160.804E-03
-915.400E-03,+2.050251E+00,-80.402E-03
-914.250E-03,+2.050251E+00,-40.201E-03
-913.100E-03,+2.010050E+00,-40.201E-03
-911.950E-03,+2.010050E+00,+0.0E+00
-910.800E-03,+2.010050E+00,+80.402E-03
-909.650E-03,+1.969849E+00,+80.402E-03
-908.500E-03,+2.010050E+00,+120.603E-03
-907.350E-03,+2.050251E+00,+160.804E-03
-906.200E-03,+2.050251E+00,+160.804E-03
-905.050E-03,+2.010050E+00,+201.005E-03
-903.900E-03,+2.050251E+00,+281.407E-03
-902.750E-03,+2.010050E+00,+281.407E-03
-901.600E-03,+2.050251E+00,+321.608E-03
-900.450E-03,+2.050251E+00,+361.809E-03
-899.300E-03,+2.010050E+00,+402.010E-03
-898.150E-03,+2.010050E+00,+442.211E-03
-897.000E-03,+2.010050E+00,+442.211E-03
-895.850E-03,+2.010050E+00,+482.412E-03
-894.700E-03,+2.010050E+00,+522.613E-03
-893.550E-03,+2.010050E+00,+562.814E-03
-892.400E-03,+2.010050E+00,+643.216E-03
-891.250E-03,+2.050251E+00,+643.216E-03
-890.100E-03,+2.010050E+00,+643.216E-03
-888.950E-03,+2.050251E+00,+683.417E-03
-887.800E-03,+2.050251E+00,+683.417E-03
-886.650E-03,+2.050251E+00,+763.819E-03
-885.500E-03,+2.010050E+00,+804.020E-03
-884.350E-03,+2.010050E+00,+804.020E-03
-883.200E-03,+2.050251E+00,+844.221E-03
-882.050E-03,+2.050251E+00,+844.221E-03
-880.900E-03,+2.050251E+00,+844.221E-03
-879.750E-03,+1.969849E+00,+924.623E-03
-878.600E-03,+2.010050E+00,+964.824E-03
-877.450E-03,+2.010050E+00,+1.005025E+00
-876.300E-03,+2.010050E+00,+1.045226E+00
-875.150E-03,+2.010050E+00,+1.045226E+00
-874.000E-03,+2.010050E+00,+1.085427E+00
-872.850E-03,+2.050251E+00,+1.125628E+00
-871.700E-03,+2.010050E+00,+1.165829E+00
-870.550E-03,+2.010050E+00,+1.165829E+00
-869.400E-03,+2.010050E+00,+1.165829E+00
-868.250E-03,+2.010050E+00,+1.246231E+00
-867.100E-03,+2.050251E+00,+1.246231E+00
-865.950E-03,+2.010050E+00,+1.206030E+00
-864.800E-03,+2.010050E+00,+1.286432E+00
-863.650E-03,+2.010050E+00,+1.326633E+00
-862.500E-03,+2.050251E+00,+1.366834E+00
-861.350E-03,+2.010050E+00,+1.366834E+00
-860.200E-03,+2.050251E+00,+1.407035E+00
-859.050E-03,+2.050251E+00,+1.447236E+00
-857.900E-03,+2.010050E+00,+1.447236E+00
-856.750E-03,+2.010050E+00,+1.487437E+00
-855.600E-03,+2.050251E+00,+1.527638E+00
-854.450E-03,+2.050251E+00,+1.527638E+00
-853.300E-03,+2.010050E+00,+1.527638E+00
-852.150E-03,+2.010050E+00,+1.567839E+00
-851.000E-03,+2.010050E+00,+1.608040E+00
-849.850E-03,+2.010050E+00,+1.648241E+00
-848.700E-03,+2.050251E+00,+1.648241E+00
-847.550E-03,+2.050251E+00,+1.688442E+00
-846.400E-03,+2.090452E+00,+1.688442E+00
-845.250E-03,+2.010050E+00,+1.728643E+00
-844.100E-03,+2.010050E+00,+1.768844E+00
-842.950E-03,+2.050251E+00,+1.768844E+00
-841.800E-03,+2.010050E+00,+1.809045E+00
-840.650E-03,+2.050251E+00,+1.809045E+00
-839.500E-03,+2.050251E+00,+1.809045E+00
-838.350E-03,+2.010050E+00,+1.849246E+00
-837.200E-03,+2.050251E+00,+1.849246E+00
-836.050E-03,+2.010050E+00,+1.889447E+00
-834.900E-03,+2.010050E+00,+1.889447E+00
-833.750E-03,+2.010050E+00,+1.849246E+00
-832.600E-03,+2.010050E+00,+1.929648E+00
-831.450E-03,+2.010050E+00,+1.969849E+00
-830.300E-03,+2.010050E+00,+2.010050E+00
-829.150E-03,+2.010050E+00,+2.010050E+00
-828.000E-03,+2.010050E+00,+2.010050E+00
-826.850E-03,+2.010050E+00,+2.010050E+00
-825.700E-03,+2.010050E+00,+2.090452E+00
-824.550E-03,+2.010050E+00,+2.090452E+00
-823.400E-03,+2.050251E+00,+2.090452E+00
-822.250E-03,+2.010050E+00,+2.090452E+00
-821.100E-03,+2.050251E+00,+2.130653E+00
-819.950E-03,+2.050251E+00,+2.130653E+00
-818.800E-03,+2.050251E+00,+2.170854E+00
-817.650E-03,+2.010050E+00,+2.130653E+00
-816.500E-03,+2.050251E+00,+2.211055E+00
-815.350E-03,+2.010050E+00,+2.170854E+00
-814.200E-03,+2.050251E+00,+2.211055E+00
-813.050E-03,+2.010050E+00,+2.251256E+00
-811.900E-03,+2.050251E+00,+2.251256E+00
-810.750E-03,+2.010050E+00,+2.291457E+00
-809.600E-03,+2.050251E+00,+2.251256E+00
-808.450E-03,+2.010050E+00,+2.291457E+00
-807.300E-03,+2.050251E+00,+2.331658E+00
-806.150E-03,+2.050251E+00,+2.291457E+00
-805.000E-03,+2.010050E+00,+2.291457E+00
-803.850E-03,+2.010050E+00,+2.331658E+00
-802.700E-03,+2.010050E+00,+2.331658E+00
-801.550E-03,+2.050251E+00,+2.331658E+00
-800.400E-03,+2.010050E+00,+2.371859E+00
-799.250E-03,+1.969849E+00,+2.371859E+00
-798.100E-03,+2.010050E+00,+2.371859E+00
-796.950E-03,+2.010050E+00,+2.412060E+00
-795.800E-03,+2.010050E+00,+2.412060E+00
-794.650E-03,+2.010050E+00,+2.452261E+00
-793.500E-03,+2.010050E+00,+2.452261E+00
-792.350E-03,+2.010050E+00,+2.492462E+00
-791.200E-03,+2.050251E+00,+2.452261E+00
-790.050E-03,+1.969849E+00,+2.452261E+00
-788.900E-03,+2.050251E+00,+2.532663E+00
-787.750E-03,+2.050251E+00,+2.492462E+00
-786.600E-03,+2.010050E+00,+2.492462E+00
-785.450E-03,+2.010050E+00,+2.492462E+00
-784.300E-03,+2.010050E+00,+2.452261E+00
-783.150E-03,+2.010050E+00,+2.492462E+00
-782.000E-03,+2.010050E+00,+2.532663E+00
-780.850E-03,+2.050251E+00,+2.572864E+00
-779.700E-03,+2.010050E+00,+2.572864E+00
-778.550E-03,+2.010050E+00,+2.572864E+00
-777.400E-03,+2.050251E+00,+2.572864E+00
-776.250E-03,+2.010050E+00,+2.572864E+00
-775.100E-03,+2.010050E+00,+2.572864E+00
-773.950E-03,+2.010050E+00,+2.613065E+00
-772.800E-03,+2.010050E+00,+2.613065E+00
-771.650E-03,+2.050251E+00,+2.613065E+00
-770.500E-03,+2.050251E+00,+2.572864E+00
-769.350E-03,+2.010050E+00,+2.613065E+00
-768.200E-03,+1.969849E+00,+2.572864E+00
-767.050E-03,+2.050251E+00,+2.613065E+00
-765.900E-03,+2.050251E+00,+2.613065E+00
-764.750E-03,+2.010050E+00,+2.613065E+00
-763.600E-03,+2.050251E+00,+2.613065E+00
-762.450E-03,+2.050251E+00,+2.653266E+00
-761.300E-03,+2.050251E+00,+2.613065E+00
-760.150E-03,+2.010050E+00,+2.653266E+00
-759.000E-03,+2.010050E+00,+2.613065E+00
-757.850E-03,+2.010050E+00,+2.653266E+00
-756.700E-03,+2.050251E+00,+2.693467E+00
-755.550E-03,+2.050251E+00,+2.653266E+00
-754.400E-03,+2.050251E+00,+2.693467E+00
-753.250E-03,+2.010050E+00,+2.693467E+00
-752.100E-03,+2.010050E+00,+2.693467E+00
-750.950E-03,+2.010050E+00,+2.653266E+00
-749.800E-03,+2.010050E+00,+2.653266E+00
-748.650E-03,+2.050251E+00,+2.693467E+00
-747.500E-03,+2.010050E+00,+2.693467E+00
-746.350E-03,+2.050251E+00,+2.693467E+00
-745.200E-03,+2.010050E+00,+2.653266E+00
-744.050E-03,+2.050251E+00,+2.653266E+00
-742.900E-03,+2.050251E+00,+2.733668E+00
-741.750E-03,+2.010050E+00,+2.733668E+00
-740.600E-03,+2.010050E+00,+2.693467E+00
-739.450E-03,+2.010050E+00,+2.733668E+00
-738.300E-03,+2.010050E+00,+2.653266E+00
-737.150E-03,+2.010050E+00,+2.693467E+00
-736.000E-03,+2.010050E+00,+2.653266E+00
-734.850E-03,+2.010050E+00,+2.653266E+00
-733.700E-03,+2.050251E+00,+2.693467E+00
-732.550E-03,+2.010050E+00,+2.693467E+00
-731.400E-03,+2.090452E+00,+2.733668E+00
-730.250E-03,+2.050251E+00,+2.693467E+00
-729.100E-03,+2.010050E+00,+2.653266E+00
-727.950E-03,+2.050251E+00,+2.653266E+00
-726.800E-03,+2.050251E+00,+2.653266E+00
-725.650E-03,+2.010050E+00,+2.733668E+00
-724.500E-03,+2.050251E+00,+2.693467E+00
-723.350E-03,+2.050251E+00,+2.653266E+00
-722.200E-03,+2.050251E+00,+2.693467E+00
-721.050E-03,+2.010050E+00,+2.653266E+00
-719.900E-03,+2.050251E+00,+2.653266E+00
-718.750E-03,+2.010050E+00,+2.693467E+00
-717.600E-03,+2.010050E+00,+2.653266E+00
-716.450E-03,+2.050251E+00,+2.653266E+00
-715.300E-03,+2.010050E+00,+2.613065E+00
-714.150E-03,+2.050251E+00,+2.693467E+00
-713.000E-03,+2.050251E+00,+2.653266E+00
-711.850E-03,+2.010050E+00,+2.613065E+00
-710.700E-03,+2.050251E+00,+2.653266E+00
-709.550E-03,+2.050251E+00,+2.613065E+00
-708.400E-03,+2.010050E+00,+2.653266E+00
-707.250E-03,+2.050251E+00,+2.653266E+00
-706.100E-03,+2.050251E+00,+2.613065E+00
-704.950E-03,+2.010050E+00,+2.653266E+00
-703.800E-03,+2.050251E+00,+2.693467E+00
-702.650E-03,+2.050251E+00,+2.613065E+00
-701.500E-03,+2.050251E+00,+2.613065E+00
-700.350E-03,+2.050251E+00,+2.613065E+00
-699.200E-03,+2.050251E+00,+2.613065E+00
-698.050E-03,+2.010050E+00,+2.613065E+00
-696.900E-03,+2.050251E+00,+2.572864E+00
-695.750E-03,+2.050251E+00,+2.572864E+00
-694.600E-03,+2.010050E+00,+2.572864E+00
-693.450E-03,+2.050251E+00,+2.613065E+00
-692.300E-03,+2.050251E+00,+2.532663E+00
-691.150E-03,+2.010050E+00,+2.572864E+00
-690.000E-03,+2.050251E+00,+2.572864E+00
-688.850E-03,+2.050251E+00,+2.572864E+00
-687.700E-03,+2.050251E+00,+2.532663E+00
-686.550E-03,+2.050251E+00,+2.532663E+00
-685.400E-03,+2.010050E+00,+2.532663E+00
-684.250E-03,+2.010050E+00,+2.532663E+00
-683.100E-03,+2.050251E+00,+2.532663E+00
-681.950E-03,+2.050251E+00,+2.532663E+00
-680.800E-03,+2.010050E+00,+2.492462E+00
-679.650E-03,+2.050251E+00,+2.492462E+00
-678.500E-03,+2.010050E+00,+2.532663E+00
-677.350E-03,+2.010050E+00,+2.492462E+00
-676.200E-03,+2.050251E+00,+2.492462E+00
-675.050E-03,+2.010050E+00,+2.452261E+00
-673.900E-03,+2.010050E+00,+2.492462E+00
-672.750E-03,+2.050251E+00,+2.492462E+00
-671.600E-03,+2.090452E+00,+2.452261E+00
-670.450E-03,+2.050251E+00,+2.452261E+00
-669.300E-03,+2.010050E+00,+2.452261E+00
-668.150E-03,+1.969849E+00,+2.452261E+00
-667.000E-03,+2.050251E+00,+2.452261E+00
-665.850E-03,+2.050251E+00,+2.412060E+00
-664.700E-03,+2.010050E+00,+2.412060E+00
-663.550E-03,+2.090452E+00,+2.452261E+00
-662.400E-03,+2.050251E+00,+2.412060E+00
-661.250E-03,+2.050251E+00,+2.452261E+00
-660.100E-03,+2.010050E+00,+2.412060E+00
-658.950E-03,+2.050251E+00,+2.452261E+00
-657.800E-03,+2.050251E+00,+2.452261E+00
-656.650E-03,+2.010050E+00,+2.371859E+00
-655.500E-03,+2.050251E+00,+2.371859E+00
-654.350E-03,+2.010050E+00,+2.371859E+00
-653.200E-03,+2.010050E+00,+2.371859E+00
-652.050E-03,+2.010050E+00,+2.412060E+00
-650.900E-03,+2.050251E+00,+2.412060E+00
-649.750E-03,+2.010050E+00,+2.371859E+00
-648.600E-03,+2.010050E+00,+2.331658E+00
-647.450E-03,+2.010050E+00,+2.331658E+00
-646.300E-03,+2.010050E+00,+2.371859E+00
-645.150E-03,+2.050251E+00,+2.371859E+00
-644.000E-03,+2.050251E+00,+2.331658E+00
-642.850E-03,+2.010050E+00,+2.291457E+00
-641.700E-03,+2.010050E+00,+2.331658E+00
-640.550E-03,+2.010050E+00,+2.291457E+00
-639.400E-03,+1.969849E+00,+2.331658E+00
-638.250E-03,+2.050251E+00,+2.291457E+00
-637.100E-03,+2.050251E+00,+2.331658E+00
-635.950E-03,+1.969849E+00,+2.291457E+00
-634.800E-03,+2.010050E+00,+2.291457E+00
-633.650E-03,+2.050251E+00,+2.331658E+00
-632.500E-03,+2.010050E+00,+2.251256E+00
-631.350E-03,+2.010050E+00,+2.251256E+00
-630.200E-03,+2.090452E+00,+2.251256E+00
-629.050E-03,+2.010050E+00,+2.291457E+00
-627.900E-03,+2.050251E+00,+2.291457E+00
-626.750E-03,+2.010050E+00,+2.211055E+00
-625.600E-03,+2.050251E+00,+2.251256E+00
-624.450E-03,+2.010050E+00,+2.211055E+00
-623.300E-03,+2.050251E+00,+2.291457E+00
-622.150E-03,+2.050251E+00,+2.211055E+00
-621.000E-03,+2.010050E+00,+2.251256E+00
-619.850E-03,+1.969849E+00,+2.251256E+00
-618.700E-03,+2.010050E+00,+2.211055E+00
-617.550E-03,+2.050251E+00,+2.211055E+00
-616.400E-03,+2.010050E+00,+2.170854E+00
-615.250E-03,+2.010050E+00,+2.211055E+00
-614.100E-03,+2.010050E+00,+2.170854E+00
-612.950E-03,+2.050251E+00,+2.211055E+00
-611.800E-03,+2.010050E+00,+2.170854E+00
-610.650E-03,+2.010050E+00,+2.170854E+00
-609.500E-03,+2.090452E+00,+2.211055E+00
-608.350E-03,+2.010050E+00,+2.170854E+00
-607.200E-03,+2.010050E+00,+2.170854E+00
-606.050E-03,+2.010050E+00,+2.170854E+00
-604.900E-03,+2.010050E+00,+2.170854E+00
-603.750E-03,+2.010050E+00,+2.130653E+00
-602.600E-03,+2.050251E+00,+2.130653E+00
-601.450E-03,+2.010050E+00,+2.130653E+00
-600.300E-03,+2.050251E+00,+2.170854E+00
-599.150E-03,+2.010050E+00,+2.130653E+00
-598.000E-03,+2.050251E+00,+2.170854E+00
-596.850E-03,+2.050251E+00,+2.130653E+00
-595.700E-03,+2.010050E+00,+2.090452E+00
-594.550E-03,+2.050251E+00,+2.130653E+00
-593.400E-03,+2.050251E+00,+2.130653E+00
-592.250E-03,+2.050251E+00,+2.090452E+00
-591.100E-03,+2.010050E+00,+2.090452E+00
-589.950E-03,+2.010050E+00,+2.090452E+00
-588.800E-03,+2.050251E+00,+2.090452E+00
-587.650E-03,+2.010050E+00,+2.090452E+00
-586.500E-03,+2.010050E+00,+2.090452E+00
-585.350E-03,+2.010050E+00,+2.050251E+00
-584.200E-03,+2.010050E+00,+2.050251E+00
-583.050E-03,+1.969849E+00,+2.050251E+00
-581.900E-03,+2.050251E+00,+2.050251E+00
-580.750E-03,+2.050251E+00,+2.050251E+00
-579.600E-03,+2.010050E+00,+2.050251E+00
-578.450E-03,+2.050251E+00,+2.010050E+00
-577.300E-03,+2.050251E+00,+2.050251E+00
-576.150E-03,+2.050251E+00,+2.050251E+00
-575.000E-03,+2.050251E+00,+2.050251E+00
-573.850E-03,+2.050251E+00,+2.050251E+00
-572.700E-03,+2.050251E+00,+2.050251E+00
-571.550E-03,+2.090452E+00,+2.010050E+00
-570.400E-03,+2.010050E+00,+2.050251E+00
-569.250E-03,+2.050251E+00,+2.090452E+00
-568.100E-03,+2.050251E+00,+2.010050E+00
-566.950E-03,+2.050251E+00,+2.010050E+00
-565.800E-03,+2.050251E+00,+2.050251E+00
-564.650E-03,+2.050251E+00,+2.010050E+00
-563.500E-03,+2.050251E+00,+2.010050E+00
-562.350E-03,+2.010050E+00,+2.010050E+00
-561.200E-03,+2.050251E+00,+2.050251E+00
-560.050E-03,+2.050251E+00,+1.969849E+00
-558.900E-03,+2.090452E+00,+2.010050E+00
-557.750E-03,+2.010050E+00,+2.010050E+00
-556.600E-03,+2.010050E+00,+1.969849E+00
-555.450E-03,+2.010050E+00,+2.010050E+00
-554.300E-03,+2.010050E+00,+2.050251E+00
-553.150E-03,+2.010050E+00,+2.010050E+00
-552.000E-03,+2.050251E+00,+2.010050E+00
-550.850E-03,+2.010050E+00,+1.969849E+00
-549.700E-03,+2.050251E+00,+1.969849E+00
-548.550E-03,+2.010050E+00,+1.969849E+00
-547.400E-03,+2.010050E+00,+1.969849E+00
-546.250E-03,+2.010050E+00,+2.010050E+00
-545.100E-03,+2.010050E+00,+1.969849E+00
-543.950E-03,+2.050251E+00,+2.010050E+00
-542.800E-03,+2.010050E+00,+1.969849E+00
-541.650E-03,+2.010050E+00,+1.969849E+00
-540.500E-03,+2.010050E+00,+2.010050E+00
-539.350E-03,+2.010050E+00,+1.969849E+00
-538.200E-03,+2.050251E+00,+1.969849E+00
-537.050E-03,+2.050251E+00,+2.010050E+00
-535.900E-03,+2.090452E+00,+1.969849E+00
-534.750E-03,+2.010050E+00,+1.969849E+00
-533.600E-03,+2.010050E+00,+1.969849E+00
-532.450E-03,+2.010050E+00,+2.010050E+00
-531.300E-03,+2.050251E+00,+2.010050E+00
-530.150E-03,+2.010050E+00,+1.969849E+00
-529.000E-03,+2.050251E+00,+2.010050E+00
-527.850E-03,+2.050251E+00,+2.010050E+00
-526.700E-03,+2.010050E+00,+1.969849E+00
-525.550E-03,+2.050251E+00,+2.010050E+00
-524.400E-03,+2.010050E+00,+1.969849E+00
-523.250E-03,+2.010050E+00,+1.969849E+00
-522.100E-03,+2.050251E+00,+1.969849E+00
-520.950E-03,+2.010050E+00,+1.969849E+00
-519.800E-03,+2.010050E+00,+2.010050E+00
-518.650E-03,+2.010050E+00,+2.010050E+00
-517.500E-03,+2.010050E+00,+1.929648E+00
-516.350E-03,+2.050251E+00,+1.969849E+00
-515.200E-03,+2.050251E+00,+1.969849E+00
-514.050E-03,+2.050251E+00,+1.969849E+00
-512.900E-03,+2.050251E+00,+1.929648E+00
-511.750E-03,+1.969849E+00,+1.969849E+00
-510.600E-03,+2.050251E+00,+1.969849E+00
-509.450E-03,+2.050251E+00,+2.010050E+00
-508.300E-03,+2.010050E+00,+1.969849E+00
-507.150E-03,+2.010050E+00,+1.929648E+00
-506.000E-03,+2.050251E+00,+1.969849E+00
-504.850E-03,+2.010050E+00,+2.010050E+00
-503.700E-03,+2.050251E+00,+1.969849E+00
-502.550E-03,+2.010050E+00,+2.010050E+00
-501.400E-03,+2.010050E+00,+1.969849E+00
-500.250E-03,+2.050251E+00,+1.969849E+00
-499.100E-03,+2.050251E+00,+1.929648E+00
-497.950E-03,+2.050251E+00,+1.969849E+00
-496.800E-03,+2.050251E+00,+2.010050E+00
-495.650E-03,+2.010050E+00,+1.969849E+00
-494.500E-03,+2.010050E+00,+1.969849E+00
-493.350E-03,+2.050251E+00,+1.929648E+00
-492.200E-03,+2.010050E+00,+1.969849E+00
-491.050E-03,+2.090452E+00,+1.969849E+00
-489.900E-03,+2.010050E+00,+2.010050E+00
-488.750E-03,+2.010050E+00,+1.929648E+00
-487.600E-03,+2.010050E+00,+1.929648E+00
-486.450E-03,+2.010050E+00,+1.969849E+00
-485.300E-03,+2.050251E+00,+2.010050E+00
-484.150E-03,+2.050251E+00,+2.010050E+00
-483.000E-03,+2.010050E+00,+1.969849E+00
-481.850E-03,+2.050251E+00,+1.969849E+00
-480.700E-03,+2.010050E+00,+2.010050E+00
-479.550E-03,+2.010050E+00,+1.969849E+00
-478.400E-03,+2.050251E+00,+1.969849E+00
-477.250E-03,+2.050251E+00,+1.969849E+00
-476.100E-03,+2.010050E+00,+1.969849E+00
-474.950E-03,+2.010050E+00,+1.969849E+00
-473.800E-03,+2.050251E+00,+2.010050E+00
-472.650E-03,+2.010050E+00,+1.969849E+00
-471.500E-03,+2.050251E+00,+1.969849E+00
-470.350E-03,+2.010050E+00,+1.969849E+00
-469.200E-03,+1.969849E+00,+1.969849E+00
-468.050E-03,+2.010050E+00,+1.969849E+00
-466.900E-03,+2.010050E+00,+1.969849E+00
-465.750E-03,+2.050251E+00,+1.969849E+00
-464.600E-03,+2.010050E+00,+2.010050E+00
-463.450E-03,+2.010050E+00,+2.050251E+00
-462.300E-03,+2.050251E+00,+1.969849E+00
-461.150E-03,+2.050251E+00,+1.969849E+00
-460.000E-03,+2.010050E+00,+1.969849E+00
-458.850E-03,+2.010050E+00,+1.929648E+00
-457.700E-03,+2.010050E+00,+2.010050E+00
-456.550E-03,+2.050251E+00,+2.010050E+00
-455.400E-03,+2.010050E+00,+1.969849E+00
-454.250E-03,+2.050251E+00,+2.010050E+00
-453.100E-03,+2.010050E+00,+2.010050E+00
-451.950E-03,+2.050251E+00,+1.969849E+00
-450.800E-03,+2.010050E+00,+1.929648E+00
-449.650E-03,+2.010050E+00,+2.010050E+00
-448.500E-03,+2.050251E+00,+1.969849E+00
-447.350E-03,+2.010050E+00,+1.969849E+00
-446.200E-03,+2.010050E+00,+2.010050E+00
-445.050E-03,+2.050251E+00,+2.010050E+00
-443.900E-03,+2.010050E+00,+1.969849E+00
-442.750E-03,+2.050251E+00,+1.969849E+00
-441.600E-03,+2.010050E+00,+1.969849E+00
-440.450E-03,+2.010050E+00,+2.010050E+00
-439.300E-03,+2.010050E+00,+1.969849E+00
-438.150E-03,+2.010050E+00,+1.969849E+00
-437.000E-03,+2.010050E+00,+1.969849E+00
-435.850E-03,+2.010050E+00,+1.969849E+00
-434.700E-03,+2.010050E+00,+2.010050E+00
-433.550E-03,+2.050251E+00,+1.969849E+00
-432.400E-03,+2.010050E+00,+2.010050E+00
-431.250E-03,+2.050251E+00,+2.010050E+00
-430.100E-03,+2.050251E+00,+1.969849E+00
-428.950E-03,+2.090452E+00,+2.050251E+00
-427.800E-03,+2.050251E+00,+2.010050E+00
-426.650E-03,+2.010050E+00,+2.010050E+00
-425.500E-03,+2.010050E+00,+2.010050E+00
-424.350E-03,+2.050251E+00,+2.010050E+00
-423.200E-03,+2.050251E+00,+2.010050E+00
-422.050E-03,+2.010050E+00,+1.969849E+00
-420.900E-03,+2.050251E+00,+2.050251E+00
-419.750E-03,+2.010050E+00,+1.969849E+00
-418.600E-03,+2.090452E+00,+2.050251E+00
-417.450E-03,+2.010050E+00,+2.050251E+00
-416.300E-03,+2.050251E+00,+2.010050E+00
-415.150E-03,+2.010050E+00,+2.010050E+00
-414.000E-03,+2.010050E+00,+2.010050E+00
-412.850E-03,+2.010050E+00,+2.010050E+00
-411.700E-03,+2.010050E+00,+2.010050E+00
-410.550E-03,+2.010050E+00,+2.010050E+00
-409.400E-03,+2.010050E+00,+2.010050E+00
-408.250E-03,+2.050251E+00,+2.050251E+00
-407.100E-03,+2.010050E+00,+2.050251E+00
-405.950E-03,+2.050251E+00,+2.010050E+00
-404.800E-03,+2.010050E+00,+2.010050E+00
-403.650E-03,+2.010050E+00,+2.010050E+00
-402.500E-03,+2.050251E+00,+1.969849E+00
-401.350E-03,+2.050251E+00,+2.050251E+00
-400.200E-03,+2.010050E+00,+2.050251E+00
-399.050E-03,+2.050251E+00,+2.090452E+00
-397.900E-03,+2.010050E+00,+1.969849E+00
-396.750E-03,+2.050251E+00,+2.050251E+00
-395.600E-03,+2.050251E+00,+2.010050E+00
-394.450E-03,+2.010050E+00,+2.010050E+00
-393.300E-03,+2.010050E+00,+2.010050E+00
-392.150E-03,+2.010050E+00,+2.010050E+00
-391.000E-03,+2.010050E+00,+2.050251E+00
-389.850E-03,+2.050251E+00,+2.050251E+00
-388.700E-03,+2.010050E+00,+2.050251E+00
-387.550E-03,+2.050251E+00,+2.010050E+00
-386.400E-03,+2.010050E+00,+2.050251E+00
-385.250E-03,+2.010050E+00,+2.050251E+00
-384.100E-03,+2.050251E+00,+2.010050E+00
-382.950E-03,+2.050251E+00,+2.010050E+00
-381.800E-03,+2.050251E+00,+2.050251E+00
-380.650E-03,+2.010050E+00,+2.010050E+00
-379.500E-03,+2.010050E+00,+2.050251E+00
-378.350E-03,+2.010050E+00,+2.050251E+00
-377.200E-03,+2.050251E+00,+2.050251E+00
-376.050E-03,+2.010050E+00,+2.090452E+00
-374.900E-03,+2.090452E+00,+2.050251E+00
-373.750E-03,+2.010050E+00,+2.050251E+00
-372.600E-03,+2.050251E+00,+2.050251E+00
-371.450E-03,+2.050251E+00,+2.050251E+00
-370.300E-03,+2.010050E+00,+2.010050E+00
-369.150E-03,+2.050251E+00,+2.050251E+00
-368.000E-03,+2.050251E+00,+2.010050E+00
-366.850E-03,+2.010050E+00,+2.050251E+00
-365.700E-03,+2.050251E+00,+2.050251E+00
-364.550E-03,+2.010050E+00,+2.050251E+00
-363.400E-03,+2.010050E+00,+2.090452E+00
-362.250E-03,+2.010050E+00,+2.010050E+00
-361.100E-03,+2.010050E+00,+2.050251E+00
-359.950E-03,+2.010050E+00,+2.010050E+00
-358.800E-03,+2.050251E+00,+2.050251E+00
-357.650E-03,+2.050251E+00,+2.010050E+00
-356.500E-03,+2.050251E+00,+2.050251E+00
-355.350E-03,+2.010050E+00,+2.050251E+00
-354.200E-03,+2.010050E+00,+2.050251E+00
-353.050E-03,+2.050251E+00,+2.050251E+00
-351.900E-03,+2.050251E+00,+2.050251E+00
-350.750E-03,+2.050251E+00,+2.050251E+00
-349.600E-03,+2.010050E+00,+2.010050E+00
-348.450E-03,+2.010050E+00,+2.090452E+00
-347.300E-03,+2.050251E+00,+2.050251E+00
-346.150E-03,+2.050251E+00,+2.090452E+00
-345.000E-03,+2.010050E+00,+2.050251E+00
-343.850E-03,+2.050251E+00,+2.050251E+00
-342.700E-03,+2.010050E+00,+2.090452E+00
-341.550E-03,+2.010050E+00,+2.050251E+00
-340.400E-03,+2.010050E+00,+2.050251E+00
-339.250E-03,+2.050251E+00,+2.050251E+00
-338.100E-03,+2.050251E+00,+2.090452E+00
-336.950E-03,+2.050251E+00,+2.010050E+00
-335.800E-03,+2.050251E+00,+2.050251E+00
-334.650E-03,+2.010050E+00,+2.090452E+00
-333.500E-03,+2.010050E+00,+2.050251E+00
-332.350E-03,+2.010050E+00,+2.090452E+00
-331.200E-03,+2.050251E+00,+2.050251E+00
-330.050E-03,+2.050251E+00,+2.090452E+00
-328.900E-03,+2.050251E+00,+2.050251E+00
-327.750E-03,+2.010050E+00,+2.090452E+00
-326.600E-03,+2.050251E+00,+2.050251E+00
-325.450E-03,+2.010050E+00,+2.090452E+00
-324.300E-03,+2.010050E+00,+2.090452E+00
-323.150E-03,+2.010050E+00,+2.050251E+00
-322.000E-03,+2.010050E+00,+2.050251E+00
-320.850E-03,+2.010050E+00,+2.090452E+00
-319.700E-03,+2.010050E+00,+2.050251E+00
-318.550E-03,+2.010050E+00,+2.130653E+00
-317.400E-03,+2.050251E+00,+2.090452E+00
-316.250E-03,+2.050251E+00,+2.050251E+00
-315.100E-03,+2.010050E+00,+2.050251E+00
-313.950E-03,+2.010050E+00,+2.090452E+00
-312.800E-03,+2.010050E+00,+2.090452E+00
-311.650E-03,+2.050251E+00,+2.050251E+00
-310.500E-03,+2.050251E+00,+2.050251E+00
-309.350E-03,+2.010050E+00,+2.050251E+00
-308.200E-03,+2.010050E+00,+2.050251E+00
-307.050E-03,+2.050251E+00,+2.090452E+00
-305.900E-03,+2.050251E+00,+2.050251E+00
-304.750E-03,+2.050251E+00,+2.050251E+00
-303.600E-03,+2.010050E+00,+2.090452E+00
-302.450E-03,+2.050251E+00,+2.050251E+00
-301.300E-03,+2.010050E+00,+2.050251E+00
-300.150E-03,+2.050251E+00,+2.090452E+00
-299.000E-03,+2.050251E+00,+2.050251E+00
-297.850E-03,+2.050251E+00,+2.090452E+00
-296.700E-03,+2.010050E+00,+2.090452E+00
-295.550E-03,+2.010050E+00,+2.050251E+00
-294.400E-03,+2.010050E+00,+2.050251E+00
-293.250E-03,+2.010050E+00,+2.050251E+00
-292.100E-03,+2.010050E+00,+2.090452E+00
-290.950E-03,+2.010050E+00,+2.090452E+00
-289.800E-03,+2.050251E+00,+2.090452E+00
-288.650E-03,+2.050251E+00,+2.050251E+00
-287.500E-03,+2.010050E+00,+2.050251E+00
-286.350E-03,+2.010050E+00,+2.050251E+00
-285.200E-03,+2.010050E+00,+2.050251E+00
-284.050E-03,+2.050251E+00,+2.050251E+00
-282.900E-03,+2.010050E+00,+2.090452E+00
-281.750E-03,+2.050251E+00,+2.050251E+00
-280.600E-03,+2.050251E+00,+2.050251E+00
-279.450E-03,+2.010050E+00,+2.090452E+00
-278.300E-03,+2.050251E+00,+2.090452E+00
-277.150E-03,+2.050251E+00,+2.050251E+00
-276.000E-03,+2.010050E+00,+2.050251E+00
-274.850E-03,+2.010050E+00,+2.050251E+00
-273.700E-03,+2.050251E+00,+2.050251E+00
-272.550E-03,+2.010050E+00,+2.090452E+00
-271.400E-03,+2.010050E+00,+2.090452E+00
-270.250E-03,+2.010050E+00,+2.090452E+00
-269.100E-03,+2.010050E+00,+2.050251E+00
-267.950E-03,+2.010050E+00,+2.050251E+00
-266.800E-03,+2.050251E+00,+2.090452E+00
-265.650E-03,+2.050251E+00,+2.090452E+00
-264.500E-03,+2.010050E+00,+2.090452E+00
-263.350E-03,+2.010050E+00,+2.090452E+00
-262.200E-03,+2.010050E+00,+2.090452E+00
-261.050E-03,+2.050251E+00,+2.090452E+00
-259.900E-03,+2.050251E+00,+2.090452E+00
-258.750E-03,+2.010050E+00,+2.050251E+00
-257.600E-03,+2.010050E+00,+2.050251E+00
-256.450E-03,+2.010050E+00,+2.050251E+00
-255.300E-03,+2.010050E+00,+2.050251E+00
-254.150E-03,+2.010050E+00,+2.090452E+00
-253.000E-03,+2.010050E+00,+2.050251E+00
-251.850E-03,+2.010050E+00,+2.050251E+00
-250.700E-03,+2.010050E+00,+2.050251E+00
-249.550E-03,+2.010050E+00,+2.050251E+00
-248.400E-03,+2.010050E+00,+2.090452E+00
-247.250E-03,+2.010050E+00,+2.090452E+00
-246.100E-03,+2.010050E+00,+2.050251E+00
-244.950E-03,+2.050251E+00,+2.050251E+00
-243.800E-03,+2.050251E+00,+2.090452E+00
-242.650E-03,+2.050251E+00,+2.090452E+00
-241.500E-03,+2.010050E+00,+2.050251E+00
-240.350E-03,+2.010050E+00,+2.050251E+00
-239.200E-03,+2.010050E+00,+2.050251E+00
-238.050E-03,+1.969849E+00,+2.050251E+00
-236.900E-03,+2.010050E+00,+2.010050E+00
-235.750E-03,+2.010050E+00,+2.090452E+00
-234.600E-03,+2.050251E+00,+2.050251E+00
-233.450E-03,+2.050251E+00,+2.050251E+00
-232.300E-03,+2.010050E+00,+2.050251E+00
-231.150E-03,+2.010050E+00,+2.050251E+00
-230.000E-03,+2.010050E+00,+2.050251E+00
-228.850E-03,+2.050251E+00,+2.090452E+00
-227.700E-03,+2.010050E+00,+2.050251E+00
-226.550E-03,+2.050251E+00,+2.090452E+00
-225.400E-03,+2.010050E+00,+2.050251E+00
-224.250E-03,+2.050251E+00,+2.050251E+00
-223.100E-03,+2.050251E+00,+2.050251E+00
-221.950E-03,+2.010050E+00,+2.050251E+00
-220.800E-03,+1.969849E+00,+2.090452E+00
-219.650E-03,+2.010050E+00,+2.050251E+00
-218.500E-03,+2.050251E+00,+2.050251E+00
-217.350E-03,+2.010050E+00,+2.050251E+00
-216.200E-03,+2.050251E+00,+2.010050E+00
-215.050E-03,+2.010050E+00,+2.050251E+00
-213.900E-03,+2.010050E+00,+2.050251E+00
-212.750E-03,+2.010050E+00,+2.050251E+00
-211.600E-03,+2.010050E+00,+2.050251E+00
-210.450E-03,+2.010050E+00,+2.090452E+00
-209.300E-03,+1.969849E+00,+2.050251E+00
-208.150E-03,+2.050251E+00,+2.050251E+00
-207.000E-03,+2.010050E+00,+2.010050E+00
-205.850E-03,+2.010050E+00,+2.050251E+00
-204.700E-03,+2.010050E+00,+2.050251E+00
-203.550E-03,+2.050251E+00,+2.010050E+00
-202.400E-03,+2.050251E+00,+2.050251E+00
-201.250E-03,+2.010050E+00,+2.010050E+00
-200.100E-03,+2.010050E+00,+2.090452E+00
-198.950E-03,+2.010050E+00,+2.090452E+00
-197.800E-03,+2.010050E+00,+2.050251E+00
-196.650E-03,+2.010050E+00,+2.050251E+00
-195.500E-03,+2.010050E+00,+2.050251E+00
-194.350E-03,+2.010050E+00,+2.050251E+00
-193.200E-03,+2.050251E+00,+2.050251E+00
-192.050E-03,+2.010050E+00,+2.050251E+00
-190.900E-03,+2.010050E+00,+2.050251E+00
-189.750E-03,+2.010050E+00,+2.090452E+00
-188.600E-03,+2.010050E+00,+2.050251E+00
-187.450E-03,+2.050251E+00,+2.050251E+00
-186.300E-03,+2.010050E+00,+2.050251E+00
-185.150E-03,+2.010050E+00,+2.090452E+00
-184.000E-03,+2.050251E+00,+2.050251E+00
-182.850E-03,+2.050251E+00,+2.050251E+00
-181.700E-03,+2.050251E+00,+2.050251E+00
-180.550E-03,+2.050251E+00,+2.050251E+00
-179.400E-03,+2.050251E+00,+2.090452E+00
-178.250E-03,+2.010050E+00,+2.090452E+00
-177.100E-03,+2.010050E+00,+2.050251E+00
-175.950E-03,+2.050251E+00,+2.050251E+00
-174.800E-03,+2.010050E+00,+2.050251E+00
-173.650E-03,+2.010050E+00,+2.050251E+00
-172.500E-03,+2.050251E+00,+2.010050E+00
-171.350E-03,+2.050251E+00,+2.050251E+00
-170.200E-03,+2.010050E+00,+2.090452E+00
-169.050E-03,+2.050251E+00,+2.090452E+00
-167.900E-03,+2.090452E+00,+2.050251E+00
-166.750E-03,+1.969849E+00,+2.010050E+00
-165.600E-03,+2.010050E+00,+2.050251E+00
-164.450E-03,+2.050251E+00,+2.050251E+00
-163.300E-03,+2.050251E+00,+2.050251E+00
-162.150E-03,+2.010050E+00,+2.050251E+00
-161.000E-03,+2.050251E+00,+2.090452E+00
-159.850E-03,+2.010050E+00,+1.969849E+00
-158.700E-03,+2.050251E+00,+2.050251E+00
-157.550E-03,+2.010050E+00,+2.050251E+00
-156.400E-03,+2.050251E+00,+2.050251E+00
-155.250E-03,+2.010050E+00,+2.050251E+00
-154.100E-03,+2.010050E+00,+2.050251E+00
-152.950E-03,+2.010050E+00,+2.050251E+00
-151.800E-03,+2.010050E+00,+2.050251E+00
-150.650E-03,+2.050251E+00,+2.050251E+00
-149.500E-03,+2.050251E+00,+2.050251E+00
-148.350E-03,+2.010050E+00,+2.050251E+00
-147.200E-03,+2.090452E+00,+2.090452E+00
-146.050E-03,+2.010050E+00,+2.050251E+00
-144.900E-03,+2.010050E+00,+2.090452E+00
-143.750E-03,+2.010050E+00,+2.090452E+00
-142.600E-03,+2.010050E+00,+2.050251E+00
-141.450E-03,+2.090452E+00,+2.050251E+00
-140.300E-03,+2.050251E+00,+2.090452E+00
-139.150E-03,+2.010050E+00,+2.050251E+00
-138.000E-03,+2.010050E+00,+2.010050E+00
-136.850E-03,+1.969849E+00,+2.050251E+00
-135.700E-03,+2.010050E+00,+2.090452E+00
-134.550E-03,+2.050251E+00,+2.050251E+00
-133.400E-03,+2.050251E+00,+2.050251E+00
-132.250E-03,+2.050251E+00,+2.090452E+00
-131.100E-03,+2.010050E+00,+2.010050E+00
-129.950E-03,+2.010050E+00,+2.050251E+00
-128.800E-03,+2.010050E+00,+2.050251E+00
-127.650E-03,+2.010050E+00,+2.010050E+00
-126.500E-03,+2.050251E+00,+2.090452E+00
-125.350E-03,+2.050251E+00,+2.010050E+00
-124.200E-03,+2.010050E+00,+2.050251E+00
-123.050E-03,+2.050251E+00,+2.050251E+00
-121.900E-03,+2.010050E+00,+2.050251E+00
-120.750E-03,+2.010050E+00,+2.010050E+00
-119.600E-03,+2.010050E+00,+2.050251E+00
-118.450E-03,+2.050251E+00,+2.050251E+00
-117.300E-03,+2.050251E+00,+2.050251E+00
-116.150E-03,+2.050251E+00,+2.090452E+00
-115.000E-03,+2.050251E+00,+2.050251E+00
-113.850E-03,+1.969849E+00,+2.050251E+00
-112.700E-03,+2.090452E+00,+2.050251E+00
-111.550E-03,+2.010050E+00,+2.050251E+00
-110.400E-03,+2.050251E+00,+2.010050E+00
-109.250E-03,+2.010050E+00,+2.050251E+00
-108.100E-03,+2.050251E+00,+2.050251E+00
-106.950E-03,+2.010050E+00,+2.050251E+00
-105.800E-03,+2.050251E+00,+2.010050E+00
-104.650E-03,+2.050251E+00,+2.050251E+00
-103.500E-03,+2.050251E+00,+2.050251E+00
-102.350E-03,+2.010050E+00,+2.050251E+00
-101.200E-03,+2.010050E+00,+2.050251E+00
-100.050E-03,+2.010050E+00,+2.090452E+00
-98.900E-03,+2.050251E+00,+2.010050E+00
-97.750E-03,+2.010050E+00,+2.050251E+00
-96.600E-03,+2.050251E+00,+2.050251E+00
-95.450E-03,+2.050251E+00,+2.050251E+00
-94.300E-03,+2.010050E+00,+2.010050E+00
-93.150E-03,+2.050251E+00,+2.050251E+00
-92.000E-03,+2.010050E+00,+2.050251E+00
-90.850E-03,+2.050251E+00,+2.010050E+00
-89.700E-03,+2.010050E+00,+2.050251E+00
-88.550E-03,+2.050251E+00,+2.050251E+00
-87.400E-03,+2.050251E+00,+2.050251E+00
-86.250E-03,+2.010050E+00,+2.050251E+00
-85.100E-03,+2.010050E+00,+2.050251E+00
-83.950E-03,+2.050251E+00,+2.010050E+00
-82.800E-03,+2.010050E+00,+2.010050E+00
-81.650E-03,+2.050251E+00,+2.050251E+00
-80.500E-03,+2.050251E+00,+2.050251E+00
-79.350E-03,+1.969849E+00,+2.050251E+00
-78.200E-03,+2.010050E+00,+2.050251E+00
-77.050E-03,+2.010050E+00,+2.050251E+00
-75.900E-03,+2.010050E+00,+2.050251E+00
-74.750E-03,+2.010050E+00,+2.050251E+00
-73.600E-03,+2.090452E+00,+2.050251E+00
-72.450E-03,+2.050251E+00,+2.050251E+00
-71.300E-03,+2.050251E+00,+2.010050E+00
-70.150E-03,+2.010050E+00,+2.050251E+00
-69.000E-03,+2.010050E+00,+2.050251E+00
-67.850E-03,+2.050251E+00,+2.010050E+00
-66.700E-03,+2.010050E+00,+2.050251E+00
-65.550E-03,+2.050251E+00,+2.050251E+00
-64.400E-03,+2.050251E+00,+2.130653E+00
-63.250E-03,+2.050251E+00,+2.050251E+00
-62.100E-03,+2.050251E+00,+2.050251E+00
-60.950E-03,+2.050251E+00,+2.090452E+00
-59.800E-03,+2.010050E+00,+2.050251E+00
-58.650E-03,+2.010050E+00,+2.050251E+00
-57.500E-03,+2.010050E+00,+2.090452E+00
-56.350E-03,+2.050251E+00,+2.050251E+00
-55.200E-03,+2.010050E+00,+2.010050E+00
-54.050E-03,+2.050251E+00,+2.050251E+00
-52.900E-03,+2.050251E+00,+2.050251E+00
-51.750E-03,+2.010050E+00,+2.010050E+00
-50.600E-03,+2.010050E+00,+2.050251E+00
-49.450E-03,+2.050251E+00,+2.050251E+00
-48.300E-03,+2.010050E+00,+2.050251E+00
-47.150E-03,+2.010050E+00,+2.050251E+00
-46.000E-03,+2.050251E+00,+2.010050E+00
-44.850E-03,+2.050251E+00,+2.090452E+00
-43.700E-03,+2.010050E+00,+1.969849E+00
-42.550E-03,+2.010050E+00,+2.010050E+00
-41.400E-03,+2.050251E+00,+2.050251E+00
-40.250E-03,+2.050251E+00,+2.010050E+00
-39.100E-03,+2.050251E+00,+2.050251E+00
-37.950E-03,+2.050251E+00,+2.050251E+00
-36.800E-03,+2.010050E+00,+2.050251E+00
-35.650E-03,+2.010050E+00,+2.050251E+00
-34.500E-03,+2.010050E+00,+2.010050E+00
-33.350E-03,+2.010050E+00,+2.090452E+00
-32.200E-03,+2.010050E+00,+2.050251E+00
-31.050E-03,+2.050251E+00,+2.090452E+00
-29.900E-03,+2.050251E+00,+2.050251E+00
-28.750E-03,+2.010050E+00,+2.050251E+00
-27.600E-03,+2.010050E+00,+2.050251E+00
-26.450E-03,+2.010050E+00,+2.050251E+00
-25.300E-03,+2.010050E+00,+2.050251E+00
-24.150E-03,+2.010050E+00,+2.010050E+00
-23.000E-03,+2.010050E+00,+2.010050E+00
-21.850E-03,+2.050251E+00,+2.010050E+00
-20.700E-03,+2.050251E+00,+2.090452E+00
-19.550E-03,+2.050251E+00,+2.090452E+00
-18.400E-03,+2.010050E+00,+2.050251E+00
-17.250E-03,+2.050251E+00,+2.050251E+00
-16.100E-03,+2.010050E+00,+2.050251E+00
-14.950E-03,+2.010050E+00,+2.090452E+00
-13.800E-03,+2.050251E+00,+2.050251E+00
-12.650E-03,+2.050251E+00,+2.050251E+00
-11.500E-03,+2.050251E+00,+2.050251E+00
-10.350E-03,+2.010050E+00,+2.090452E+00
-9.200E-03,+2.010050E+00,+2.050251E+00
-8.050E-03,+2.050251E+00,+2.050251E+00
-6.900E-03,+2.010050E+00,+2.050251E+00
-5.750E-03,+2.050251E+00,+2.050251E+00
-4.600E-03,+2.010050E+00,+2.090452E+00
-3.450E-03,+2.050251E+00,+2.050251E+00
-2.300E-03,+2.050251E+00,+2.010050E+00
-1.150E-03,+2.010050E+00,+2.050251E+00
-0.0E+00,-2.090452E+00,+2.090452E+00
+1.150E-03,-2.090452E+00,+2.050251E+00
+2.300E-03,-2.090452E+00,+2.010050E+00
+3.450E-03,-2.130653E+00,+2.010050E+00
+4.600E-03,-2.130653E+00,+2.010050E+00
+5.750E-03,-2.130653E+00,+2.050251E+00
+6.900E-03,-2.090452E+00,+2.010050E+00
+8.050E-03,-2.130653E+00,+2.050251E+00
+9.200E-03,-2.130653E+00,+2.010050E+00
+10.350E-03,-2.130653E+00,+2.010050E+00
+11.500E-03,-2.130653E+00,+1.969849E+00
+12.650E-03,-2.130653E+00,+1.929648E+00
+13.800E-03,-2.130653E+00,+1.969849E+00
+14.950E-03,-2.090452E+00,+1.929648E+00
+16.100E-03,-2.090452E+00,+1.929648E+00
+17.250E-03,-2.050251E+00,+1.889447E+00
+18.400E-03,-2.090452E+00,+1.889447E+00
+19.550E-03,-2.130653E+00,+1.889447E+00
+20.700E-03,-2.130653E+00,+1.809045E+00
+21.850E-03,-2.090452E+00,+1.809045E+00
+23.000E-03,-2.090452E+00,+1.809045E+00
+24.150E-03,-2.090452E+00,+1.768844E+00
+25.300E-03,-2.090452E+00,+1.728643E+00
+26.450E-03,-2.090452E+00,+1.728643E+00
+27.600E-03,-2.130653E+00,+1.688442E+00
+28.750E-03,-2.090452E+00,+1.688442E+00
+29.900E-03,-2.090452E+00,+1.688442E+00
+31.050E-03,-2.090452E+00,+1.648241E+00
+32.200E-03,-2.090452E+00,+1.608040E+00
+33.350E-03,-2.090452E+00,+1.567839E+00
+34.500E-03,-2.050251E+00,+1.567839E+00
+35.650E-03,-2.050251E+00,+1.527638E+00
+36.800E-03,-2.090452E+00,+1.487437E+00
+37.950E-03,-2.090452E+00,+1.487437E+00
+39.100E-03,-2.090452E+00,+1.447236E+00
+40.250E-03,-2.130653E+00,+1.447236E+00
+41.400E-03,-2.130653E+00,+1.366834E+00
+42.550E-03,-2.090452E+00,+1.366834E+00
+43.700E-03,-2.090452E+00,+1.366834E+00
+44.850E-03,-2.090452E+00,+1.286432E+00
+46.000E-03,-2.130653E+00,+1.246231E+00
+47.150E-03,-2.090452E+00,+1.246231E+00
+48.300E-03,-2.090452E+00,+1.165829E+00
+49.450E-03,-2.130653E+00,+1.165829E+00
+50.600E-03,-2.130653E+00,+1.125628E+00
+51.750E-03,-2.090452E+00,+1.125628E+00
+52.900E-03,-2.090452E+00,+1.045226E+00
+54.050E-03,-2.090452E+00,+1.045226E+00
+55.200E-03,-2.090452E+00,+964.824E-03
+56.350E-03,-2.090452E+00,+964.824E-03
+57.500E-03,-2.050251E+00,+924.623E-03
+58.650E-03,-2.090452E+00,+924.623E-03
+59.800E-03,-2.090452E+00,+884.422E-03
+60.950E-03,-2.090452E+00,+844.221E-03
+62.100E-03,-2.090452E+00,+804.020E-03
+63.250E-03,-2.130653E+00,+804.020E-03
+64.400E-03,-2.090452E+00,+723.618E-03
+65.550E-03,-2.130653E+00,+723.618E-03
+66.700E-03,-2.090452E+00,+643.216E-03
+67.850E-03,-2.130653E+00,+603.015E-03
+69.000E-03,-2.090452E+00,+562.814E-03
+70.150E-03,-2.130653E+00,+522.613E-03
+71.300E-03,-2.090452E+00,+522.613E-03
+72.450E-03,-2.130653E+00,+522.613E-03
+73.600E-03,-2.130653E+00,+482.412E-03
+74.750E-03,-2.050251E+00,+402.010E-03
+75.900E-03,-2.090452E+00,+361.809E-03
+77.050E-03,-2.090452E+00,+361.809E-03
+78.200E-03,-2.090452E+00,+281.407E-03
+79.350E-03,-2.090452E+00,+281.407E-03
+80.500E-03,-2.130653E+00,+241.206E-03
+81.650E-03,-2.130653E+00,+201.005E-03
+82.800E-03,-2.090452E+00,+160.804E-03
+83.950E-03,-2.130653E+00,+120.603E-03
+85.100E-03,-2.130653E+00,+80.402E-03
+86.250E-03,-2.130653E+00,+40.201E-03
+87.400E-03,-2.090452E+00,+0.0E+00
+88.550E-03,-2.130653E+00,+0.0E+00
+89.700E-03,-2.050251E+00,-40.201E-03
+90.850E-03,-2.130653E+00,-80.402E-03
+92.000E-03,-2.090452E+00,-120.603E-03
+93.150E-03,-2.130653E+00,-160.804E-03
+94.300E-03,-2.090452E+00,-160.804E-03
+95.450E-03,-2.130653E+00,-201.005E-03
+96.600E-03,-2.130653E+00,-241.206E-03
+97.750E-03,-2.090452E+00,-281.407E-03
+98.900E-03,-2.090452E+00,-321.608E-03
+100.050E-03,-2.090452E+00,-361.809E-03
+101.200E-03,-2.090452E+00,-361.809E-03
+102.350E-03,-2.090452E+00,-402.010E-03
+103.500E-03,-2.090452E+00,-482.412E-03
+104.650E-03,-2.090452E+00,-482.412E-03
+105.800E-03,-2.090452E+00,-522.613E-03
+106.950E-03,-2.090452E+00,-562.814E-03
+108.100E-03,-2.090452E+00,-562.814E-03
+109.250E-03,-2.090452E+00,-603.015E-03
+110.400E-03,-2.130653E+00,-683.417E-03
+111.550E-03,-2.050251E+00,-683.417E-03
+112.700E-03,-2.090452E+00,-763.819E-03
+113.850E-03,-2.130653E+00,-804.020E-03
+115.000E-03,-2.090452E+00,-763.819E-03
+116.150E-03,-2.090452E+00,-804.020E-03
+117.300E-03,-2.130653E+00,-844.221E-03
+118.450E-03,-2.090452E+00,-884.422E-03
+119.600E-03,-2.090452E+00,-884.422E-03
+120.750E-03,-2.090452E+00,-964.824E-03
+121.900E-03,-2.130653E+00,-964.824E-03
+123.050E-03,-2.090452E+00,-1.005025E+00
+124.200E-03,-2.090452E+00,-1.005025E+00
+125.350E-03,-2.090452E+00,-1.045226E+00
+126.500E-03,-2.090452E+00,-1.085427E+00
+127.650E-03,-2.090452E+00,-1.085427E+00
+128.800E-03,-2.130653E+00,-1.165829E+00
+129.950E-03,-2.130653E+00,-1.206030E+00
+131.100E-03,-2.090452E+00,-1.206030E+00
+132.250E-03,-2.130653E+00,-1.246231E+00
+133.400E-03,-2.090452E+00,-1.246231E+00
+134.550E-03,-2.130653E+00,-1.286432E+00
+135.700E-03,-2.090452E+00,-1.326633E+00
+136.850E-03,-2.090452E+00,-1.326633E+00
+138.000E-03,-2.090452E+00,-1.407035E+00
+139.150E-03,-2.090452E+00,-1.407035E+00
+140.300E-03,-2.090452E+00,-1.407035E+00
+141.450E-03,-2.130653E+00,-1.487437E+00
+142.600E-03,-2.090452E+00,-1.487437E+00
+143.750E-03,-2.090452E+00,-1.487437E+00
+144.900E-03,-2.050251E+00,-1.527638E+00
+146.050E-03,-2.090452E+00,-1.567839E+00
+147.200E-03,-2.090452E+00,-1.567839E+00
+148.350E-03,-2.090452E+00,-1.608040E+00
+149.500E-03,-2.130653E+00,-1.648241E+00
+150.650E-03,-2.130653E+00,-1.648241E+00
+151.800E-03,-2.050251E+00,-1.688442E+00
+152.950E-03,-2.130653E+00,-1.728643E+00
+154.100E-03,-2.090452E+00,-1.728643E+00
+155.250E-03,-2.090452E+00,-1.768844E+00
+156.400E-03,-2.130653E+00,-1.768844E+00
+157.550E-03,-2.090452E+00,-1.809045E+00
+158.700E-03,-2.090452E+00,-1.849246E+00
+159.850E-03,-2.130653E+00,-1.849246E+00
+161.000E-03,-2.130653E+00,-1.849246E+00
+162.150E-03,-2.130653E+00,-1.929648E+00
+163.300E-03,-2.130653E+00,-1.889447E+00
+164.450E-03,-2.090452E+00,-1.929648E+00
+165.600E-03,-2.090452E+00,-1.969849E+00
+166.750E-03,-2.130653E+00,-1.969849E+00
+167.900E-03,-2.130653E+00,-2.010050E+00
+169.050E-03,-2.130653E+00,-1.969849E+00
+170.200E-03,-2.090452E+00,-2.050251E+00
+171.350E-03,-2.090452E+00,-2.090452E+00
+172.500E-03,-2.130653E+00,-2.090452E+00
+173.650E-03,-2.050251E+00,-2.050251E+00
+174.800E-03,-2.130653E+00,-2.090452E+00
+175.950E-03,-2.090452E+00,-2.130653E+00
+177.100E-03,-2.130653E+00,-2.090452E+00
+178.250E-03,-2.090452E+00,-2.130653E+00
+179.400E-03,-2.090452E+00,-2.130653E+00
+180.550E-03,-2.090452E+00,-2.170854E+00
+181.700E-03,-2.090452E+00,-2.211055E+00
+182.850E-03,-2.090452E+00,-2.211055E+00
+184.000E-03,-2.130653E+00,-2.251256E+00
+185.150E-03,-2.130653E+00,-2.251256E+00
+186.300E-03,-2.130653E+00,-2.251256E+00
+187.450E-03,-2.130653E+00,-2.291457E+00
+188.600E-03,-2.090452E+00,-2.291457E+00
+189.750E-03,-2.090452E+00,-2.291457E+00
+190.900E-03,-2.130653E+00,-2.291457E+00
+192.050E-03,-2.090452E+00,-2.331658E+00
+193.200E-03,-2.090452E+00,-2.331658E+00
+194.350E-03,-2.090452E+00,-2.371859E+00
+195.500E-03,-2.090452E+00,-2.371859E+00
+196.650E-03,-2.130653E+00,-2.371859E+00
+197.800E-03,-2.130653E+00,-2.371859E+00
+198.950E-03,-2.090452E+00,-2.412060E+00
+200.100E-03,-2.130653E+00,-2.412060E+00
+201.250E-03,-2.090452E+00,-2.452261E+00
+202.400E-03,-2.130653E+00,-2.452261E+00
+203.550E-03,-2.130653E+00,-2.452261E+00
+204.700E-03,-2.090452E+00,-2.452261E+00
+205.850E-03,-2.130653E+00,-2.492462E+00
+207.000E-03,-2.130653E+00,-2.492462E+00
+208.150E-03,-2.130653E+00,-2.492462E+00
+209.300E-03,-2.090452E+00,-2.532663E+00
+210.450E-03,-2.090452E+00,-2.492462E+00
+211.600E-03,-2.090452E+00,-2.572864E+00
+212.750E-03,-2.090452E+00,-2.532663E+00
+213.900E-03,-2.130653E+00,-2.532663E+00
+215.050E-03,-2.090452E+00,-2.572864E+00
+216.200E-03,-2.130653E+00,-2.572864E+00
+217.350E-03,-2.050251E+00,-2.572864E+00
+218.500E-03,-2.050251E+00,-2.572864E+00
+219.650E-03,-2.090452E+00,-2.613065E+00
+220.800E-03,-2.090452E+00,-2.572864E+00
+221.950E-03,-2.090452E+00,-2.613065E+00
+223.100E-03,-2.130653E+00,-2.572864E+00
+224.250E-03,-2.130653E+00,-2.613065E+00
+225.400E-03,-2.130653E+00,-2.613065E+00
+226.550E-03,-2.090452E+00,-2.613065E+00
+227.700E-03,-2.130653E+00,-2.613065E+00
+228.850E-03,-2.090452E+00,-2.613065E+00
+230.000E-03,-2.090452E+00,-2.653266E+00
+231.150E-03,-2.130653E+00,-2.653266E+00
+232.300E-03,-2.090452E+00,-2.653266E+00
+233.450E-03,-2.130653E+00,-2.693467E+00
+234.600E-03,-2.090452E+00,-2.693467E+00
+235.750E-03,-2.090452E+00,-2.653266E+00
+236.900E-03,-2.090452E+00,-2.653266E+00
+238.050E-03,-2.090452E+00,-2.693467E+00
+239.200E-03,-2.090452E+00,-2.653266E+00
+240.350E-03,-2.130653E+00,-2.733668E+00
+241.500E-03,-2.090452E+00,-2.693467E+00
+242.650E-03,-2.090452E+00,-2.693467E+00
+243.800E-03,-2.130653E+00,-2.693467E+00
+244.950E-03,-2.130653E+00,-2.693467E+00
+246.100E-03,-2.130653E+00,-2.693467E+00
+247.250E-03,-2.090452E+00,-2.733668E+00
+248.400E-03,-2.130653E+00,-2.733668E+00
+249.550E-03,-2.090452E+00,-2.693467E+00
+250.700E-03,-2.090452E+00,-2.733668E+00
+251.850E-03,-2.090452E+00,-2.693467E+00
+253.000E-03,-2.090452E+00,-2.693467E+00
+254.150E-03,-2.130653E+00,-2.693467E+00
+255.300E-03,-2.090452E+00,-2.733668E+00
+256.450E-03,-2.130653E+00,-2.733668E+00
+257.600E-03,-2.090452E+00,-2.733668E+00
+258.750E-03,-2.090452E+00,-2.693467E+00
+259.900E-03,-2.090452E+00,-2.693467E+00
+261.050E-03,-2.130653E+00,-2.693467E+00
+262.200E-03,-2.090452E+00,-2.733668E+00
+263.350E-03,-2.090452E+00,-2.733668E+00
+264.500E-03,-2.090452E+00,-2.733668E+00
+265.650E-03,-2.090452E+00,-2.733668E+00
+266.800E-03,-2.090452E+00,-2.733668E+00
+267.950E-03,-2.090452E+00,-2.733668E+00
+269.100E-03,-2.130653E+00,-2.693467E+00
+270.250E-03,-2.090452E+00,-2.693467E+00
+271.400E-03,-2.130653E+00,-2.733668E+00
+272.550E-03,-2.130653E+00,-2.733668E+00
+273.700E-03,-2.130653E+00,-2.733668E+00
+274.850E-03,-2.090452E+00,-2.693467E+00
+276.000E-03,-2.090452E+00,-2.733668E+00
+277.150E-03,-2.090452E+00,-2.733668E+00
+278.300E-03,-2.130653E+00,-2.693467E+00
+279.450E-03,-2.130653E+00,-2.693467E+00
+280.600E-03,-2.130653E+00,-2.693467E+00
+281.750E-03,-2.130653E+00,-2.693467E+00
+282.900E-03,-2.050251E+00,-2.693467E+00
+284.050E-03,-2.090452E+00,-2.693467E+00
+285.200E-03,-2.090452E+00,-2.693467E+00
+286.350E-03,-2.090452E+00,-2.693467E+00
+287.500E-03,-2.130653E+00,-2.693467E+00
+288.650E-03,-2.090452E+00,-2.693467E+00
+289.800E-03,-2.130653E+00,-2.693467E+00
+290.950E-03,-2.130653E+00,-2.693467E+00
+292.100E-03,-2.090452E+00,-2.693467E+00
+293.250E-03,-2.090452E+00,-2.613065E+00
+294.400E-03,-2.130653E+00,-2.653266E+00
+295.550E-03,-2.090452E+00,-2.653266E+00
+296.700E-03,-2.130653E+00,-2.653266E+00
+297.850E-03,-2.170854E+00,-2.653266E+00
+299.000E-03,-2.050251E+00,-2.613065E+00
+300.150E-03,-2.090452E+00,-2.653266E+00
+301.300E-03,-2.090452E+00,-2.653266E+00
+302.450E-03,-2.090452E+00,-2.653266E+00
+303.600E-03,-2.090452E+00,-2.613065E+00
+304.750E-03,-2.090452E+00,-2.572864E+00
+305.900E-03,-2.130653E+00,-2.613065E+00
+307.050E-03,-2.090452E+00,-2.572864E+00
+308.200E-03,-2.090452E+00,-2.613065E+00
+309.350E-03,-2.130653E+00,-2.572864E+00
+310.500E-03,-2.090452E+00,-2.572864E+00
+311.650E-03,-2.090452E+00,-2.613065E+00
+312.800E-03,-2.090452E+00,-2.572864E+00
+313.950E-03,-2.130653E+00,-2.572864E+00
+315.100E-03,-2.090452E+00,-2.572864E+00
+316.250E-03,-2.090452E+00,-2.572864E+00
+317.400E-03,-2.090452E+00,-2.572864E+00
+318.550E-03,-2.090452E+00,-2.572864E+00
+319.700E-03,-2.130653E+00,-2.492462E+00
+320.850E-03,-2.090452E+00,-2.532663E+00
+322.000E-03,-2.130653E+00,-2.532663E+00
+323.150E-03,-2.130653E+00,-2.572864E+00
+324.300E-03,-2.130653E+00,-2.532663E+00
+325.450E-03,-2.090452E+00,-2.492462E+00
+326.600E-03,-2.130653E+00,-2.532663E+00
+327.750E-03,-2.050251E+00,-2.492462E+00
+328.900E-03,-2.090452E+00,-2.492462E+00
+330.050E-03,-2.090452E+00,-2.452261E+00
+331.200E-03,-2.090452E+00,-2.452261E+00
+332.350E-03,-2.090452E+00,-2.492462E+00
+333.500E-03,-2.090452E+00,-2.452261E+00
+334.650E-03,-2.130653E+00,-2.452261E+00
+335.800E-03,-2.090452E+00,-2.452261E+00
+336.950E-03,-2.090452E+00,-2.452261E+00
+338.100E-03,-2.130653E+00,-2.452261E+00
+339.250E-03,-2.130653E+00,-2.412060E+00
+340.400E-03,-2.090452E+00,-2.452261E+00
+341.550E-03,-2.130653E+00,-2.452261E+00
+342.700E-03,-2.090452E+00,-2.412060E+00
+343.850E-03,-2.130653E+00,-2.412060E+00
+345.000E-03,-2.090452E+00,-2.412060E+00
+346.150E-03,-2.090452E+00,-2.371859E+00
+347.300E-03,-2.090452E+00,-2.371859E+00
+348.450E-03,-2.090452E+00,-2.371859E+00
+349.600E-03,-2.090452E+00,-2.412060E+00
+350.750E-03,-2.130653E+00,-2.371859E+00
+351.900E-03,-2.130653E+00,-2.371859E+00
+353.050E-03,-2.090452E+00,-2.331658E+00
+354.200E-03,-2.130653E+00,-2.331658E+00
+355.350E-03,-2.090452E+00,-2.331658E+00
+356.500E-03,-2.090452E+00,-2.371859E+00
+357.650E-03,-2.090452E+00,-2.371859E+00
+358.800E-03,-2.090452E+00,-2.331658E+00
+359.950E-03,-2.090452E+00,-2.331658E+00
+361.100E-03,-2.090452E+00,-2.331658E+00
+362.250E-03,-2.090452E+00,-2.331658E+00
+363.400E-03,-2.130653E+00,-2.331658E+00
+364.550E-03,-2.090452E+00,-2.371859E+00
+365.700E-03,-2.130653E+00,-2.331658E+00
+366.850E-03,-2.130653E+00,-2.291457E+00
+368.000E-03,-2.090452E+00,-2.331658E+00
+369.150E-03,-2.090452E+00,-2.291457E+00
+370.300E-03,-2.090452E+00,-2.251256E+00
+371.450E-03,-2.130653E+00,-2.291457E+00
+372.600E-03,-2.130653E+00,-2.291457E+00
+373.750E-03,-2.090452E+00,-2.251256E+00
+374.900E-03,-2.130653E+00,-2.291457E+00
+376.050E-03,-2.130653E+00,-2.291457E+00
+377.200E-03,-2.090452E+00,-2.251256E+00
+378.350E-03,-2.090452E+00,-2.251256E+00
+379.500E-03,-2.090452E+00,-2.251256E+00
+380.650E-03,-2.090452E+00,-2.251256E+00
+381.800E-03,-2.130653E+00,-2.211055E+00
+382.950E-03,-2.090452E+00,-2.251256E+00
+384.100E-03,-2.130653E+00,-2.211055E+00
+385.250E-03,-2.090452E+00,-2.211055E+00
+386.400E-03,-2.050251E+00,-2.170854E+00
+387.550E-03,-2.090452E+00,-2.170854E+00
+388.700E-03,-2.090452E+00,-2.170854E+00
+389.850E-03,-2.090452E+00,-2.211055E+00
+391.000E-03,-2.130653E+00,-2.170854E+00
+392.150E-03,-2.130653E+00,-2.211055E+00
+393.300E-03,-2.090452E+00,-2.170854E+00
+394.450E-03,-2.130653E+00,-2.130653E+00
+395.600E-03,-2.090452E+00,-2.170854E+00
+396.750E-03,-2.130653E+00,-2.130653E+00
+397.900E-03,-2.090452E+00,-2.170854E+00
+399.050E-03,-2.090452E+00,-2.130653E+00
+400.200E-03,-2.090452E+00,-2.170854E+00
+401.350E-03,-2.130653E+00,-2.170854E+00
+402.500E-03,-2.090452E+00,-2.130653E+00
+403.650E-03,-2.090452E+00,-2.170854E+00
+404.800E-03,-2.130653E+00,-2.130653E+00
+405.950E-03,-2.090452E+00,-2.130653E+00
+407.100E-03,-2.130653E+00,-2.130653E+00
+408.250E-03,-2.130653E+00,-2.130653E+00
+409.400E-03,-2.130653E+00,-2.130653E+00
+410.550E-03,-2.050251E+00,-2.130653E+00
+411.700E-03,-2.130653E+00,-2.130653E+00
+412.850E-03,-2.130653E+00,-2.130653E+00
+414.000E-03,-2.090452E+00,-2.130653E+00
+415.150E-03,-2.090452E+00,-2.130653E+00
+416.300E-03,-2.090452E+00,-2.130653E+00
+417.450E-03,-2.090452E+00,-2.090452E+00
+418.600E-03,-2.130653E+00,-2.090452E+00
+419.750E-03,-2.130653E+00,-2.090452E+00
+420.900E-03,-2.090452E+00,-2.050251E+00
+422.050E-03,-2.090452E+00,-2.050251E+00
+423.200E-03,-2.130653E+00,-2.050251E+00
+424.350E-03,-2.090452E+00,-2.090452E+00
+425.500E-03,-2.130653E+00,-2.090452E+00
+426.650E-03,-2.050251E+00,-2.090452E+00
+427.800E-03,-2.090452E+00,-2.050251E+00
+428.950E-03,-2.130653E+00,-2.090452E+00
+430.100E-03,-2.130653E+00,-2.050251E+00
+431.250E-03,-2.090452E+00,-2.130653E+00
+432.400E-03,-2.090452E+00,-2.050251E+00
+433.550E-03,-2.090452E+00,-2.050251E+00
+434.700E-03,-2.130653E+00,-2.090452E+00
+435.850E-03,-2.090452E+00,-2.050251E+00
+437.000E-03,-2.090452E+00,-2.050251E+00
+438.150E-03,-2.050251E+00,-2.090452E+00
+439.300E-03,-2.090452E+00,-2.090452E+00
+440.450E-03,-2.090452E+00,-2.050251E+00
+441.600E-03,-2.090452E+00,-2.050251E+00
+442.750E-03,-2.130653E+00,-2.010050E+00
+443.900E-03,-2.130653E+00,-2.050251E+00
+445.050E-03,-2.090452E+00,-2.050251E+00
+446.200E-03,-2.050251E+00,-2.050251E+00
+447.350E-03,-2.130653E+00,-2.050251E+00
+448.500E-03,-2.090452E+00,-2.050251E+00
+449.650E-03,-2.050251E+00,-2.090452E+00
+450.800E-03,-2.090452E+00,-2.010050E+00
+451.950E-03,-2.130653E+00,-2.010050E+00
+453.100E-03,-2.050251E+00,-2.010050E+00
+454.250E-03,-2.090452E+00,-2.050251E+00
+455.400E-03,-2.090452E+00,-2.050251E+00
+456.550E-03,-2.090452E+00,-2.010050E+00
+457.700E-03,-2.090452E+00,-2.050251E+00
+458.850E-03,-2.090452E+00,-2.050251E+00
+460.000E-03,-2.090452E+00,-2.050251E+00
+461.150E-03,-2.090452E+00,-2.010050E+00
+462.300E-03,-2.090452E+00,-2.050251E+00
+463.450E-03,-2.090452E+00,-2.010050E+00
+464.600E-03,-2.090452E+00,-2.010050E+00
+465.750E-03,-2.090452E+00,-2.010050E+00
+466.900E-03,-2.090452E+00,-2.050251E+00
+468.050E-03,-2.090452E+00,-2.010050E+00
+469.200E-03,-2.090452E+00,-2.010050E+00
+470.350E-03,-2.130653E+00,-2.010050E+00
+471.500E-03,-2.090452E+00,-1.969849E+00
+472.650E-03,-2.090452E+00,-2.010050E+00
+473.800E-03,-2.130653E+00,-2.010050E+00
+474.950E-03,-2.130653E+00,-2.010050E+00
+476.100E-03,-2.090452E+00,-2.010050E+00
+477.250E-03,-2.130653E+00,-2.050251E+00
+478.400E-03,-2.130653E+00,-2.010050E+00
+479.550E-03,-2.090452E+00,-2.010050E+00
+480.700E-03,-2.130653E+00,-2.010050E+00
+481.850E-03,-2.130653E+00,-2.010050E+00
+483.000E-03,-2.130653E+00,-2.050251E+00
+484.150E-03,-2.130653E+00,-2.050251E+00
+485.300E-03,-2.130653E+00,-2.010050E+00
+486.450E-03,-2.090452E+00,-2.010050E+00
+487.600E-03,-2.130653E+00,-2.010050E+00
+488.750E-03,-2.090452E+00,-2.010050E+00
+489.900E-03,-2.090452E+00,-1.969849E+00
+491.050E-03,-2.090452E+00,-1.969849E+00
+492.200E-03,-2.130653E+00,-2.010050E+00
+493.350E-03,-2.090452E+00,-2.010050E+00
+494.500E-03,-2.090452E+00,-2.010050E+00
+495.650E-03,-2.130653E+00,-2.010050E+00
+496.800E-03,-2.090452E+00,-2.050251E+00
+497.950E-03,-2.050251E+00,-2.010050E+00
+499.100E-03,-2.090452E+00,-2.010050E+00
+500.250E-03,-2.090452E+00,-2.010050E+00
+501.400E-03,-2.090452E+00,-2.010050E+00
+502.550E-03,-2.090452E+00,-2.010050E+00
+503.700E-03,-2.090452E+00,-2.050251E+00
+504.850E-03,-2.130653E+00,-2.010050E+00
+506.000E-03,-2.090452E+00,-2.010050E+00
+507.150E-03,-2.050251E+00,-2.050251E+00
+508.300E-03,-2.050251E+00,-2.010050E+00
+509.450E-03,-2.130653E+00,-2.010050E+00
+510.600E-03,-2.090452E+00,-2.010050E+00
+511.750E-03,-2.130653E+00,-2.050251E+00
+512.900E-03,-2.050251E+00,-1.969849E+00
+514.050E-03,-2.090452E+00,-1.969849E+00
+515.200E-03,-2.130653E+00,-2.050251E+00
+516.350E-03,-2.130653E+00,-1.969849E+00
+517.500E-03,-2.130653E+00,-2.010050E+00
+518.650E-03,-2.090452E+00,-1.969849E+00
+519.800E-03,-2.130653E+00,-2.050251E+00
+520.950E-03,-2.090452E+00,-1.969849E+00
+522.100E-03,-2.130653E+00,-2.050251E+00
+523.250E-03,-2.090452E+00,-2.010050E+00
+524.400E-03,-2.090452E+00,-2.010050E+00
+525.550E-03,-2.090452E+00,-2.010050E+00
+526.700E-03,-2.090452E+00,-2.010050E+00
+527.850E-03,-2.090452E+00,-2.010050E+00
+529.000E-03,-2.090452E+00,-2.010050E+00
+530.150E-03,-2.130653E+00,-2.050251E+00
+531.300E-03,-2.130653E+00,-2.010050E+00
+532.450E-03,-2.090452E+00,-2.010050E+00
+533.600E-03,-2.090452E+00,-2.010050E+00
+534.750E-03,-2.090452E+00,-2.050251E+00
+535.900E-03,-2.090452E+00,-2.010050E+00
+537.050E-03,-2.050251E+00,-2.050251E+00
+538.200E-03,-2.130653E+00,-2.010050E+00
+539.350E-03,-2.090452E+00,-2.050251E+00
+540.500E-03,-2.090452E+00,-2.050251E+00
+541.650E-03,-2.090452E+00,-2.010050E+00
+542.800E-03,-2.130653E+00,-2.050251E+00
+543.950E-03,-2.090452E+00,-2.010050E+00
+545.100E-03,-2.130653E+00,-2.010050E+00
+546.250E-03,-2.090452E+00,-2.090452E+00
+547.400E-03,-2.090452E+00,-2.050251E+00
+548.550E-03,-2.090452E+00,-2.090452E+00
+549.700E-03,-2.130653E+00,-2.050251E+00
+550.850E-03,-2.130653E+00,-2.050251E+00
+552.000E-03,-2.130653E+00,-2.010050E+00
+553.150E-03,-2.090452E+00,-2.010050E+00
+554.300E-03,-2.130653E+00,-2.050251E+00
+555.450E-03,-2.090452E+00,-2.050251E+00
+556.600E-03,-2.130653E+00,-2.050251E+00
+557.750E-03,-2.090452E+00,-2.050251E+00
+558.900E-03,-2.090452E+00,-2.050251E+00
+560.050E-03,-2.090452E+00,-2.050251E+00
+561.200E-03,-2.090452E+00,-2.010050E+00
+562.350E-03,-2.090452E+00,-2.050251E+00
+563.500E-03,-2.130653E+00,-2.050251E+00
+564.650E-03,-2.050251E+00,-2.050251E+00
+565.800E-03,-2.090452E+00,-2.010050E+00
+566.950E-03,-2.050251E+00,-2.050251E+00
+568.100E-03,-2.090452E+00,-2.090452E+00
+569.250E-03,-2.050251E+00,-2.050251E+00
+570.400E-03,-2.090452E+00,-2.090452E+00
+571.550E-03,-2.130653E+00,-2.050251E+00
+572.700E-03,-2.090452E+00,-2.010050E+00
+573.850E-03,-2.090452E+00,-2.050251E+00
+575.000E-03,-2.130653E+00,-2.050251E+00
+576.150E-03,-2.130653E+00,-2.010050E+00
+577.300E-03,-2.130653E+00,-2.050251E+00
+578.450E-03,-2.090452E+00,-2.050251E+00
+579.600E-03,-2.130653E+00,-2.090452E+00
+580.750E-03,-2.090452E+00,-2.050251E+00
+581.900E-03,-2.090452E+00,-2.090452E+00
+583.050E-03,-2.090452E+00,-2.050251E+00
+584.200E-03,-2.090452E+00,-2.050251E+00
+585.350E-03,-2.090452E+00,-2.090452E+00
+586.500E-03,-2.130653E+00,-2.090452E+00
+587.650E-03,-2.090452E+00,-2.130653E+00
+588.800E-03,-2.090452E+00,-2.090452E+00
+589.950E-03,-2.130653E+00,-2.050251E+00
+591.100E-03,-2.090452E+00,-2.090452E+00
+592.250E-03,-2.130653E+00,-2.050251E+00
+593.400E-03,-2.090452E+00,-2.090452E+00
+594.550E-03,-2.130653E+00,-2.090452E+00
+595.700E-03,-2.090452E+00,-2.090452E+00
+596.850E-03,-2.130653E+00,-2.050251E+00
+598.000E-03,-2.090452E+00,-2.090452E+00
+599.150E-03,-2.130653E+00,-2.090452E+00
+600.300E-03,-2.130653E+00,-2.050251E+00
+601.450E-03,-2.090452E+00,-2.050251E+00
+602.600E-03,-2.090452E+00,-2.050251E+00
+603.750E-03,-2.090452E+00,-2.090452E+00
+604.900E-03,-2.090452E+00,-2.090452E+00
+606.050E-03,-2.090452E+00,-2.090452E+00
+607.200E-03,-2.130653E+00,-2.050251E+00
+608.350E-03,-2.050251E+00,-2.090452E+00
+609.500E-03,-2.090452E+00,-2.090452E+00
+610.650E-03,-2.090452E+00,-2.050251E+00
+611.800E-03,-2.090452E+00,-2.090452E+00
+612.950E-03,-2.090452E+00,-2.050251E+00
+614.100E-03,-2.090452E+00,-2.090452E+00
+615.250E-03,-2.130653E+00,-2.090452E+00
+616.400E-03,-2.050251E+00,-2.090452E+00
+617.550E-03,-2.130653E+00,-2.050251E+00
+618.700E-03,-2.090452E+00,-2.090452E+00
+619.850E-03,-2.090452E+00,-2.090452E+00
+621.000E-03,-2.010050E+00,-2.130653E+00
+622.150E-03,-2.090452E+00,-2.090452E+00
+623.300E-03,-2.090452E+00,-2.130653E+00
+624.450E-03,-2.090452E+00,-2.130653E+00
+625.600E-03,-2.090452E+00,-2.050251E+00
+626.750E-03,-2.130653E+00,-2.130653E+00
+627.900E-03,-2.090452E+00,-2.130653E+00
+629.050E-03,-2.090452E+00,-2.090452E+00
+630.200E-03,-2.130653E+00,-2.090452E+00
+631.350E-03,-2.090452E+00,-2.090452E+00
+632.500E-03,-2.090452E+00,-2.090452E+00
+633.650E-03,-2.090452E+00,-2.130653E+00
+634.800E-03,-2.130653E+00,-2.090452E+00
+635.950E-03,-2.090452E+00,-2.130653E+00
+637.100E-03,-2.130653E+00,-2.170854E+00
+638.250E-03,-2.130653E+00,-2.090452E+00
+639.400E-03,-2.130653E+00,-2.130653E+00
+640.550E-03,-2.090452E+00,-2.130653E+00
+641.700E-03,-2.090452E+00,-2.090452E+00
+642.850E-03,-2.050251E+00,-2.090452E+00
+644.000E-03,-2.130653E+00,-2.090452E+00
+645.150E-03,-2.090452E+00,-2.090452E+00
+646.300E-03,-2.090452E+00,-2.090452E+00
+647.450E-03,-2.090452E+00,-2.090452E+00
+648.600E-03,-2.090452E+00,-2.090452E+00
+649.750E-03,-2.130653E+00,-2.090452E+00
+650.900E-03,-2.090452E+00,-2.090452E+00
+652.050E-03,-2.090452E+00,-2.090452E+00
+653.200E-03,-2.090452E+00,-2.130653E+00
+654.350E-03,-2.130653E+00,-2.090452E+00
+655.500E-03,-2.090452E+00,-2.090452E+00
+656.650E-03,-2.090452E+00,-2.090452E+00
+657.800E-03,-2.130653E+00,-2.090452E+00
+658.950E-03,-2.090452E+00,-2.130653E+00
+660.100E-03,-2.090452E+00,-2.090452E+00
+661.250E-03,-2.090452E+00,-2.130653E+00
+662.400E-03,-2.090452E+00,-2.130653E+00
+663.550E-03,-2.090452E+00,-2.130653E+00
+664.700E-03,-2.130653E+00,-2.090452E+00
+665.850E-03,-2.130653E+00,-2.090452E+00
+667.000E-03,-2.090452E+00,-2.130653E+00
+668.150E-03,-2.130653E+00,-2.090452E+00
+669.300E-03,-2.130653E+00,-2.050251E+00
+670.450E-03,-2.130653E+00,-2.050251E+00
+671.600E-03,-2.050251E+00,-2.090452E+00
+672.750E-03,-2.130653E+00,-2.090452E+00
+673.900E-03,-2.130653E+00,-2.090452E+00
+675.050E-03,-2.130653E+00,-2.090452E+00
+676.200E-03,-2.090452E+00,-2.090452E+00
+677.350E-03,-2.090452E+00,-2.090452E+00
+678.500E-03,-2.090452E+00,-2.090452E+00
+679.650E-03,-2.130653E+00,-2.130653E+00
+680.800E-03,-2.090452E+00,-2.130653E+00
+681.950E-03,-2.090452E+00,-2.090452E+00
+683.100E-03,-2.130653E+00,-2.090452E+00
+684.250E-03,-2.130653E+00,-2.130653E+00
+685.400E-03,-2.130653E+00,-2.130653E+00
+686.550E-03,-2.090452E+00,-2.050251E+00
+687.700E-03,-2.090452E+00,-2.130653E+00
+688.850E-03,-2.090452E+00,-2.130653E+00
+690.000E-03,-2.090452E+00,-2.090452E+00
+691.150E-03,-2.130653E+00,-2.130653E+00
+692.300E-03,-2.090452E+00,-2.130653E+00
+693.450E-03,-2.090452E+00,-2.090452E+00
+694.600E-03,-2.090452E+00,-2.130653E+00
+695.750E-03,-2.130653E+00,-2.130653E+00
+696.900E-03,-2.130653E+00,-2.130653E+00
+698.050E-03,-2.130653E+00,-2.130653E+00
+699.200E-03,-2.090452E+00,-2.090452E+00
+700.350E-03,-2.170854E+00,-2.090452E+00
+701.500E-03,-2.090452E+00,-2.130653E+00
+702.650E-03,-2.090452E+00,-2.130653E+00
+703.800E-03,-2.050251E+00,-2.090452E+00
+704.950E-03,-2.090452E+00,-2.130653E+00
+706.100E-03,-2.130653E+00,-2.130653E+00
+707.250E-03,-2.090452E+00,-2.170854E+00
+708.400E-03,-2.090452E+00,-2.130653E+00
+709.550E-03,-2.090452E+00,-2.090452E+00
+710.700E-03,-2.090452E+00,-2.090452E+00
+711.850E-03,-2.090452E+00,-2.090452E+00
+713.000E-03,-2.130653E+00,-2.130653E+00
+714.150E-03,-2.090452E+00,-2.090452E+00
+715.300E-03,-2.130653E+00,-2.090452E+00
+716.450E-03,-2.130653E+00,-2.130653E+00
+717.600E-03,-2.130653E+00,-2.130653E+00
+718.750E-03,-2.090452E+00,-2.130653E+00
+719.900E-03,-2.130653E+00,-2.130653E+00
+721.050E-03,-2.090452E+00,-2.130653E+00
+722.200E-03,-2.130653E+00,-2.130653E+00
+723.350E-03,-2.090452E+00,-2.090452E+00
+724.500E-03,-2.090452E+00,-2.090452E+00
+725.650E-03,-2.130653E+00,-2.130653E+00
+726.800E-03,-2.090452E+00,-2.130653E+00
+727.950E-03,-2.090452E+00,-2.090452E+00
+729.100E-03,-2.090452E+00,-2.090452E+00
+730.250E-03,-2.130653E+00,-2.090452E+00
+731.400E-03,-2.090452E+00,-2.130653E+00
+732.550E-03,-2.090452E+00,-2.090452E+00
+733.700E-03,-2.090452E+00,-2.130653E+00
+734.850E-03,-2.090452E+00,-2.170854E+00
+736.000E-03,-2.130653E+00,-2.090452E+00
+737.150E-03,-2.090452E+00,-2.090452E+00
+738.300E-03,-2.130653E+00,-2.130653E+00
+739.450E-03,-2.130653E+00,-2.130653E+00
+740.600E-03,-2.090452E+00,-2.130653E+00
+741.750E-03,-2.130653E+00,-2.090452E+00
+742.900E-03,-2.090452E+00,-2.130653E+00
+744.050E-03,-2.090452E+00,-2.130653E+00
+745.200E-03,-2.090452E+00,-2.090452E+00
+746.350E-03,-2.090452E+00,-2.130653E+00
+747.500E-03,-2.130653E+00,-2.130653E+00
+748.650E-03,-2.090452E+00,-2.090452E+00
+749.800E-03,-2.090452E+00,-2.050251E+00
+750.950E-03,-2.090452E+00,-2.130653E+00
+752.100E-03,-2.090452E+00,-2.130653E+00
+753.250E-03,-2.090452E+00,-2.050251E+00
+754.400E-03,-2.170854E+00,-2.090452E+00
+755.550E-03,-2.090452E+00,-2.130653E+00
+756.700E-03,-2.090452E+00,-2.130653E+00
+757.850E-03,-2.090452E+00,-2.130653E+00
+759.000E-03,-2.090452E+00,-2.130653E+00
+760.150E-03,-2.130653E+00,-2.090452E+00
+761.300E-03,-2.090452E+00,-2.130653E+00
+762.450E-03,-2.130653E+00,-2.130653E+00
+763.600E-03,-2.130653E+00,-2.130653E+00
+764.750E-03,-2.090452E+00,-2.090452E+00
+765.900E-03,-2.130653E+00,-2.170854E+00
+767.050E-03,-2.090452E+00,-2.130653E+00
+768.200E-03,-2.130653E+00,-2.090452E+00
+769.350E-03,-2.090452E+00,-2.090452E+00
+770.500E-03,-2.050251E+00,-2.130653E+00
+771.650E-03,-2.130653E+00,-2.050251E+00
+772.800E-03,-2.090452E+00,-2.130653E+00
+773.950E-03,-2.130653E+00,-2.090452E+00
+775.100E-03,-2.090452E+00,-2.090452E+00
+776.250E-03,-2.130653E+00,-2.130653E+00
+777.400E-03,-2.130653E+00,-2.090452E+00
+778.550E-03,-2.090452E+00,-2.130653E+00
+779.700E-03,-2.050251E+00,-2.090452E+00
+780.850E-03,-2.090452E+00,-2.130653E+00
+782.000E-03,-2.090452E+00,-2.130653E+00
+783.150E-03,-2.090452E+00,-2.090452E+00
+784.300E-03,-2.090452E+00,-2.130653E+00
+785.450E-03,-2.090452E+00,-2.090452E+00
+786.600E-03,-2.130653E+00,-2.130653E+00
+787.750E-03,-2.090452E+00,-2.090452E+00
+788.900E-03,-2.090452E+00,-2.130653E+00
+790.050E-03,-2.130653E+00,-2.130653E+00
+791.200E-03,-2.090452E+00,-2.090452E+00
+792.350E-03,-2.050251E+00,-2.130653E+00
+793.500E-03,-2.090452E+00,-2.090452E+00
+794.650E-03,-2.090452E+00,-2.170854E+00
+795.800E-03,-2.130653E+00,-2.130653E+00
+796.950E-03,-2.130653E+00,-2.090452E+00
+798.100E-03,-2.130653E+00,-2.130653E+00
+799.250E-03,-2.090452E+00,-2.130653E+00
+800.400E-03,-2.130653E+00,-2.130653E+00
+801.550E-03,-2.090452E+00,-2.130653E+00
+802.700E-03,-2.090452E+00,-2.090452E+00
+803.850E-03,-2.090452E+00,-2.130653E+00
+805.000E-03,-2.130653E+00,-2.050251E+00
+806.150E-03,-2.090452E+00,-2.090452E+00
+807.300E-03,-2.090452E+00,-2.090452E+00
+808.450E-03,-2.090452E+00,-2.130653E+00
+809.600E-03,-2.090452E+00,-2.130653E+00
+810.750E-03,-2.090452E+00,-2.130653E+00
+811.900E-03,-2.130653E+00,-2.130653E+00
+813.050E-03,-2.090452E+00,-2.090452E+00
+814.200E-03,-2.090452E+00,-2.130653E+00
+815.350E-03,-2.090452E+00,-2.130653E+00
+816.500E-03,-2.090452E+00,-2.090452E+00
+817.650E-03,-2.090452E+00,-2.090452E+00
+818.800E-03,-2.090452E+00,-2.130653E+00
+819.950E-03,-2.090452E+00,-2.130653E+00
+821.100E-03,-2.090452E+00,-2.090452E+00
+822.250E-03,-2.050251E+00,-2.130653E+00
+823.400E-03,-2.130653E+00,-2.090452E+00
+824.550E-03,-2.050251E+00,-2.090452E+00
+825.700E-03,-2.090452E+00,-2.090452E+00
+826.850E-03,-2.090452E+00,-2.090452E+00
+828.000E-03,-2.090452E+00,-2.090452E+00
+829.150E-03,-2.090452E+00,-2.130653E+00
+830.300E-03,-2.090452E+00,-2.090452E+00
+831.450E-03,-2.090452E+00,-2.090452E+00
+832.600E-03,-2.130653E+00,-2.090452E+00
+833.750E-03,-2.130653E+00,-2.090452E+00
+834.900E-03,-2.090452E+00,-2.090452E+00
+836.050E-03,-2.090452E+00,-2.090452E+00
+837.200E-03,-2.130653E+00,-2.090452E+00
+838.350E-03,-2.170854E+00,-2.090452E+00
+839.500E-03,-2.090452E+00,-2.090452E+00
+840.650E-03,-2.090452E+00,-2.090452E+00
+841.800E-03,-2.090452E+00,-2.050251E+00
+842.950E-03,-2.130653E+00,-2.090452E+00
+844.100E-03,-2.130653E+00,-2.090452E+00
+845.250E-03,-2.050251E+00,-2.090452E+00
+846.400E-03,-2.090452E+00,-2.090452E+00
+847.550E-03,-2.130653E+00,-2.130653E+00
+848.700E-03,-2.050251E+00,-2.130653E+00
+849.850E-03,-2.090452E+00,-2.050251E+00
+851.000E-03,-2.090452E+00,-2.090452E+00
+852.150E-03,-2.090452E+00,-2.090452E+00
+853.300E-03,-2.090452E+00,-2.090452E+00
+854.450E-03,-2.090452E+00,-2.090452E+00
+855.600E-03,-2.130653E+00,-2.090452E+00
+856.750E-03,-2.090452E+00,-2.130653E+00
+857.900E-03,-2.090452E+00,-2.090452E+00
+859.050E-03,-2.130653E+00,-2.090452E+00
+860.200E-03,-2.090452E+00,-2.090452E+00
+861.350E-03,-2.090452E+00,-2.130653E+00
+862.500E-03,-2.090452E+00,-2.090452E+00
+863.650E-03,-2.130653E+00,-2.090452E+00
+864.800E-03,-2.130653E+00,-2.090452E+00
+865.950E-03,-2.090452E+00,-2.090452E+00
+867.100E-03,-2.130653E+00,-2.090452E+00
+868.250E-03,-2.090452E+00,-2.090452E+00
+869.400E-03,-2.090452E+00,-2.090452E+00
+870.550E-03,-2.090452E+00,-2.090452E+00
+871.700E-03,-2.090452E+00,-2.090452E+00
+872.850E-03,-2.090452E+00,-2.130653E+00
+874.000E-03,-2.050251E+00,-2.050251E+00
+875.150E-03,-2.170854E+00,-2.090452E+00
+876.300E-03,-2.090452E+00,-2.090452E+00
+877.450E-03,-2.130653E+00,-2.090452E+00
+878.600E-03,-2.130653E+00,-2.090452E+00
+879.750E-03,-2.050251E+00,-2.090452E+00
+880.900E-03,-2.090452E+00,-2.130653E+00
+882.050E-03,-2.090452E+00,-2.130653E+00
+883.200E-03,-2.130653E+00,-2.130653E+00
+884.350E-03,-2.130653E+00,-2.090452E+00
+885.500E-03,-2.090452E+00,-2.090452E+00
+886.650E-03,-2.130653E+00,-2.090452E+00
+887.800E-03,-2.090452E+00,-2.090452E+00
+888.950E-03,-2.130653E+00,-2.090452E+00
+890.100E-03,-2.130653E+00,-2.090452E+00
+891.250E-03,-2.130653E+00,-2.090452E+00
+892.400E-03,-2.090452E+00,-2.130653E+00
+893.550E-03,-2.130653E+00,-2.090452E+00
+894.700E-03,-2.090452E+00,-2.130653E+00
+895.850E-03,-2.090452E+00,-2.090452E+00
+897.000E-03,-2.090452E+00,-2.130653E+00
+898.150E-03,-2.090452E+00,-2.090452E+00
+899.300E-03,-2.090452E+00,-2.090452E+00
+900.450E-03,-2.090452E+00,-2.090452E+00
+901.600E-03,-2.090452E+00,-2.090452E+00
+902.750E-03,-2.090452E+00,-2.090452E+00
+903.900E-03,-2.090452E+00,-2.090452E+00
+905.050E-03,-2.050251E+00,-2.090452E+00
+906.200E-03,-2.090452E+00,-2.090452E+00
+907.350E-03,-2.090452E+00,-2.090452E+00
+908.500E-03,-2.130653E+00,-2.050251E+00
+909.650E-03,-2.090452E+00,-2.090452E+00
+910.800E-03,-2.090452E+00,-2.090452E+00
+911.950E-03,-2.090452E+00,-2.090452E+00
+913.100E-03,-2.090452E+00,-2.090452E+00
+914.250E-03,-2.130653E+00,-2.130653E+00
+915.400E-03,-2.090452E+00,-2.090452E+00
+916.550E-03,-2.090452E+00,-2.090452E+00
+917.700E-03,-2.130653E+00,-2.130653E+00
+918.850E-03,-2.090452E+00,-2.130653E+00
+920.000E-03,-2.090452E+00,-2.090452E+00
+921.150E-03,-2.090452E+00,-2.130653E+00
+922.300E-03,-2.130653E+00,-2.090452E+00
+923.450E-03,-2.090452E+00,-2.130653E+00
+924.600E-03,-2.090452E+00,-2.090452E+00
+925.750E-03,-2.090452E+00,-2.090452E+00
+926.900E-03,-2.090452E+00,-2.090452E+00
+928.050E-03,-2.090452E+00,-2.090452E+00
+929.200E-03,-2.090452E+00,-2.130653E+00
+930.350E-03,-2.090452E+00,-2.090452E+00
+931.500E-03,-2.130653E+00,-2.090452E+00
+932.650E-03,-2.090452E+00,-2.090452E+00
+933.800E-03,-2.050251E+00,-2.090452E+00
+934.950E-03,-2.090452E+00,-2.090452E+00
+936.100E-03,-2.090452E+00,-2.090452E+00
+937.250E-03,-2.090452E+00,-2.090452E+00
+938.400E-03,-2.090452E+00,-2.090452E+00
+939.550E-03,-2.090452E+00,-2.130653E+00
+940.700E-03,-2.090452E+00,-2.050251E+00
+941.850E-03,-2.090452E+00,-2.130653E+00
+943.000E-03,-2.130653E+00,-2.090452E+00
+944.150E-03,-2.090452E+00,-2.090452E+00
+945.300E-03,-2.090452E+00,-2.050251E+00
+946.450E-03,-2.050251E+00,-2.090452E+00
+947.600E-03,-2.130653E+00,-2.090452E+00
+948.750E-03,-2.090452E+00,-2.130653E+00
+949.900E-03,-2.090452E+00,-2.130653E+00
+951.050E-03,-2.130653E+00,-2.050251E+00
+952.200E-03,-2.090452E+00,-2.090452E+00
+953.350E-03,-2.130653E+00,-2.090452E+00
+954.500E-03,-2.090452E+00,-2.130653E+00
+955.650E-03,-2.090452E+00,-2.090452E+00
+956.800E-03,-2.090452E+00,-2.090452E+00
+957.950E-03,-2.090452E+00,-2.090452E+00
+959.100E-03,-2.090452E+00,-2.090452E+00
+960.250E-03,-2.130653E+00,-2.090452E+00
+961.400E-03,-2.130653E+00,-2.090452E+00
+962.550E-03,-2.090452E+00,-2.090452E+00
+963.700E-03,-2.090452E+00,-2.090452E+00
+964.850E-03,-2.090452E+00,-2.090452E+00
+966.000E-03,-2.130653E+00,-2.090452E+00
+967.150E-03,-2.090452E+00,-2.090452E+00
+968.300E-03,-2.090452E+00,-2.130653E+00
+969.450E-03,-2.130653E+00,-2.010050E+00
+970.600E-03,-2.130653E+00,-2.090452E+00
+971.750E-03,-2.090452E+00,-2.090452E+00
+972.900E-03,-2.050251E+00,-2.090452E+00
+974.050E-03,-2.090452E+00,-2.050251E+00
+975.200E-03,-2.090452E+00,-2.090452E+00
+976.350E-03,-2.130653E+00,-2.130653E+00
+977.500E-03,-2.050251E+00,-2.090452E+00
+978.650E-03,-2.050251E+00,-2.050251E+00
+979.800E-03,-2.090452E+00,-2.090452E+00
+980.950E-03,-2.130653E+00,-2.090452E+00
+982.100E-03,-2.130653E+00,-2.130653E+00
+983.250E-03,-2.090452E+00,-2.130653E+00
+984.400E-03,-2.090452E+00,-2.090452E+00
+985.550E-03,-2.090452E+00,-2.090452E+00
+986.700E-03,-2.130653E+00,-2.090452E+00
+987.850E-03,-2.090452E+00,-2.050251E+00
+989.000E-03,-2.130653E+00,-2.090452E+00
+990.150E-03,-2.130653E+00,-2.090452E+00
+991.300E-03,-2.090452E+00,-2.050251E+00
+992.450E-03,-2.130653E+00,-2.130653E+00
+993.600E-03,-2.090452E+00,-2.130653E+00
+994.750E-03,-2.050251E+00,-2.090452E+00
+995.900E-03,-2.090452E+00,-2.130653E+00
+997.050E-03,+2.010050E+00,-2.090452E+00
+998.200E-03,+2.010050E+00,-2.090452E+00
+999.350E-03,+2.050251E+00,-2.170854E+00
+1.000500E+00,+2.050251E+00,-2.090452E+00
+1.001650E+00,+2.010050E+00,-2.090452E+00
+1.002800E+00,+1.969849E+00,-2.090452E+00
+1.003950E+00,+2.050251E+00,-2.090452E+00
+1.005100E+00,+1.969849E+00,-2.010050E+00
+1.006250E+00,+2.010050E+00,-2.050251E+00
+1.007400E+00,+2.010050E+00,-2.010050E+00
+1.008550E+00,+2.010050E+00,-2.050251E+00
+1.009700E+00,+2.010050E+00,-2.010050E+00
+1.010850E+00,+2.050251E+00,-2.010050E+00
+1.012000E+00,+2.010050E+00,-1.969849E+00
+1.013150E+00,+2.010050E+00,-2.010050E+00
+1.014300E+00,+2.050251E+00,-1.969849E+00
+1.015450E+00,+2.050251E+00,-1.929648E+00
+1.016600E+00,+2.050251E+00,-1.889447E+00
+1.017750E+00,+2.010050E+00,-1.889447E+00
+1.018900E+00,+2.010050E+00,-1.849246E+00
+1.020050E+00,+2.050251E+00,-1.889447E+00
+1.021200E+00,+2.010050E+00,-1.809045E+00
+1.022350E+00,+2.050251E+00,-1.809045E+00
+1.023500E+00,+2.010050E+00,-1.809045E+00
+1.024650E+00,+2.050251E+00,-1.768844E+00
+1.025800E+00,+2.010050E+00,-1.728643E+00
+1.026950E+00,+2.010050E+00,-1.688442E+00
+1.028100E+00,+1.969849E+00,-1.728643E+00
+1.029250E+00,+1.969849E+00,-1.688442E+00
+1.030400E+00,+2.050251E+00,-1.608040E+00
+1.031550E+00,+2.050251E+00,-1.567839E+00
+1.032700E+00,+2.010050E+00,-1.567839E+00
+1.033850E+00,+2.010050E+00,-1.527638E+00
+1.035000E+00,+2.010050E+00,-1.487437E+00
+1.036150E+00,+2.010050E+00,-1.487437E+00
+1.037300E+00,+2.010050E+00,-1.447236E+00
+1.038450E+00,+2.010050E+00,-1.447236E+00
+1.039600E+00,+2.010050E+00,-1.366834E+00
+1.040750E+00,+2.010050E+00,-1.366834E+00
+1.041900E+00,+2.010050E+00,-1.326633E+00
+1.043050E+00,+2.010050E+00,-1.286432E+00
+1.044200E+00,+2.010050E+00,-1.326633E+00
+1.045350E+00,+2.050251E+00,-1.246231E+00
+1.046500E+00,+2.050251E+00,-1.246231E+00
+1.047650E+00,+2.090452E+00,-1.165829E+00
+1.048800E+00,+2.010050E+00,-1.165829E+00
+1.049950E+00,+2.010050E+00,-1.125628E+00
+1.051100E+00,+2.010050E+00,-1.125628E+00
+1.052250E+00,+2.050251E+00,-1.085427E+00
+1.053400E+00,+2.090452E+00,-964.824E-03
+1.054550E+00,+2.010050E+00,-964.824E-03
+1.055700E+00,+2.010050E+00,-964.824E-03
+1.056850E+00,+2.050251E+00,-924.623E-03
+1.058000E+00,+2.090452E+00,-884.422E-03
+1.059150E+00,+2.050251E+00,-844.221E-03
+1.060300E+00,+2.050251E+00,-804.020E-03
+1.061450E+00,+2.010050E+00,-763.819E-03
+1.062600E+00,+2.010050E+00,-763.819E-03
+1.063750E+00,+2.050251E+00,-683.417E-03
+1.064900E+00,+2.050251E+00,-683.417E-03
+1.066050E+00,+2.090452E+00,-683.417E-03
+1.067200E+00,+2.010050E+00,-603.015E-03
+1.068350E+00,+2.050251E+00,-562.814E-03
+1.069500E+00,+2.010050E+00,-562.814E-03
+1.070650E+00,+2.010050E+00,-522.613E-03
+1.071800E+00,+2.010050E+00,-482.412E-03
+1.072950E+00,+2.010050E+00,-442.211E-03
+1.074100E+00,+2.010050E+00,-402.010E-03
+1.075250E+00,+2.010050E+00,-361.809E-03
+1.076400E+00,+2.010050E+00,-321.608E-03
+1.077550E+00,+2.010050E+00,-281.407E-03
+1.078700E+00,+2.050251E+00,-241.206E-03
+1.079850E+00,+2.050251E+00,-241.206E-03
+1.081000E+00,+2.010050E+00,-241.206E-03
+1.082150E+00,+2.010050E+00,-120.603E-03
+1.083300E+00,+2.010050E+00,-80.402E-03
+1.084450E+00,+2.090452E+00,-120.603E-03
+1.085600E+00,+2.010050E+00,-80.402E-03
+1.086750E+00,+2.050251E+00,+0.0E+00
+1.087900E+00,+2.010050E+00,+40.201E-03
+1.089050E+00,+2.010050E+00,+40.201E-03
+1.090200E+00,+2.050251E+00,+120.603E-03
+1.091350E+00,+2.010050E+00,+80.402E-03
+1.092500E+00,+2.010050E+00,+160.804E-03
+1.093650E+00,+2.010050E+00,+201.005E-03
+1.094800E+00,+2.010050E+00,+241.206E-03
+1.095950E+00,+2.010050E+00,+241.206E-03
+1.097100E+00,+2.010050E+00,+281.407E-03
+1.098250E+00,+2.050251E+00,+321.608E-03
+1.099400E+00,+2.010050E+00,+321.608E-03
+1.100550E+00,+2.010050E+00,+361.809E-03
+1.101700E+00,+2.010050E+00,+402.010E-03
+1.102850E+00,+2.010050E+00,+482.412E-03
+1.104000E+00,+2.010050E+00,+482.412E-03
+1.105150E+00,+2.010050E+00,+522.613E-03
+1.106300E+00,+2.050251E+00,+562.814E-03
+1.107450E+00,+2.050251E+00,+603.015E-03
+1.108600E+00,+2.050251E+00,+603.015E-03
+1.109750E+00,+2.050251E+00,+603.015E-03
+1.110900E+00,+2.050251E+00,+683.417E-03
+1.112050E+00,+2.010050E+00,+683.417E-03
+1.113200E+00,+2.050251E+00,+723.618E-03
+1.114350E+00,+2.010050E+00,+763.819E-03
+1.115500E+00,+2.010050E+00,+804.020E-03
+1.116650E+00,+2.010050E+00,+844.221E-03
+1.117800E+00,+2.010050E+00,+884.422E-03
+1.118950E+00,+2.050251E+00,+884.422E-03
+1.120100E+00,+2.010050E+00,+924.623E-03
+1.121250E+00,+2.050251E+00,+1.005025E+00
+1.122400E+00,+2.010050E+00,+964.824E-03
+1.123550E+00,+2.010050E+00,+964.824E-03
+1.124700E+00,+2.010050E+00,+1.085427E+00
+1.125850E+00,+1.969849E+00,+1.045226E+00
+1.127000E+00,+2.010050E+00,+1.085427E+00
+1.128150E+00,+2.010050E+00,+1.165829E+00
+1.129300E+00,+2.050251E+00,+1.125628E+00
+1.130450E+00,+2.050251E+00,+1.165829E+00
+1.131600E+00,+2.050251E+00,+1.246231E+00
+1.132750E+00,+2.010050E+00,+1.206030E+00
+1.133900E+00,+2.050251E+00,+1.286432E+00
+1.135050E+00,+2.050251E+00,+1.326633E+00
+1.136200E+00,+2.050251E+00,+1.286432E+00
+1.137350E+00,+2.010050E+00,+1.366834E+00
+1.138500E+00,+2.050251E+00,+1.366834E+00
+1.139650E+00,+2.050251E+00,+1.366834E+00
+1.140800E+00,+2.010050E+00,+1.407035E+00
+1.141950E+00,+2.050251E+00,+1.447236E+00
+1.143100E+00,+2.010050E+00,+1.487437E+00
+1.144250E+00,+2.010050E+00,+1.447236E+00
+1.145400E+00,+2.050251E+00,+1.527638E+00
+1.146550E+00,+2.010050E+00,+1.527638E+00
+1.147700E+00,+2.010050E+00,+1.567839E+00
+1.148850E+00,+2.010050E+00,+1.608040E+00
